{"level":"debug","message":"Marketplace service started","module":"marketplace","timestamp":"2026-02-19T17:27:19.609Z"}
{"level":"debug","message":"Call service started","module":"calls","timestamp":"2026-02-19T17:27:19.610Z"}
{"level":"debug","message":"Player Service started","module":"player","timestamp":"2026-02-19T17:27:19.610Z"}
{"level":"info","message":"Loading QBX bridge....","timestamp":"2026-02-19T17:27:19.611Z"}
{"level":"info","message":"QBX bridge initialized","timestamp":"2026-02-19T17:27:19.611Z"}
{"level":"debug","message":"Boot service started","module":"boot","timestamp":"2026-02-19T17:27:19.611Z"}
{"level":"debug","message":"Messages service started","module":"messages","timestamp":"2026-02-19T17:27:19.611Z"}
{"level":"debug","message":"Notes service started","module":"notes","timestamp":"2026-02-19T17:27:19.612Z"}
{"level":"debug","message":"Contacts service started","module":"contact","timestamp":"2026-02-19T17:27:19.612Z"}
{"level":"debug","message":"Photo service started","module":"photo","timestamp":"2026-02-19T17:27:19.622Z"}
{"level":"debug","message":"Twitter service started","module":"twitter","timestamp":"2026-02-19T17:27:19.622Z"}
{"level":"debug","message":"Match service started","module":"match","timestamp":"2026-02-19T17:27:19.622Z"}
{"level":"debug","message":"Beginning database schema validation","module":"boot","timestamp":"2026-02-19T17:27:20.502Z"}
{"level":"info","message":"Successfully started","timestamp":"2026-02-19T17:27:20.512Z"}
{"level":"info","message":"Executed query (SELECT COUNT(*) as count\n                       FROM information_schema.tables\n                       WHERE table_schema = ?\n                         AND table_name = ? [\"Qbox_9745ED\",\"players\"]) in 59.6162ms'","module":"DBInterface","timestamp":"2026-02-19T17:27:20.562Z"}
{"level":"info","message":"Executed query (SHOW COLUMNS IN players []) in 17.0831ms'","module":"DBInterface","timestamp":"2026-02-19T17:27:20.580Z"}
{"level":"debug","message":"Database schema successfully validated","module":"boot","timestamp":"2026-02-19T17:27:20.580Z"}
{"level":"info","message":"New NPWD Player added through event (1) (RIHV51PG)","module":"player","timestamp":"2026-02-19T17:35:35.520Z"}
{"level":"debug","message":{"_firstname":"Hank","_identifier":"RIHV51PG","_lastname":"Jordan","_phoneNumber":"5191234846","source":1,"username":"EL Magnifico"},"module":"player","timestamp":"2026-02-19T17:35:35.520Z"}
{"level":"info","message":"New NPWD Player added through event (1) (RIHV51PG)","module":"player","timestamp":"2026-02-19T17:35:35.524Z"}
{"level":"debug","message":{"_firstname":"Hank","_identifier":"RIHV51PG","_lastname":"Jordan","_phoneNumber":"5191234846","source":1,"username":"EL Magnifico"},"module":"player","timestamp":"2026-02-19T17:35:35.524Z"}
{"level":"silly","message":"netPromise > npwd:fetchTweets > RequestObj","module":"events","timestamp":"2026-02-19T17:35:35.643Z"}
{"level":"silly","message":{"data":{"pageId":0},"source":1},"module":"events","timestamp":"2026-02-19T17:35:35.643Z"}
{"level":"info","message":"Executed query (\n        SELECT *\n        FROM npwd_twitter_profiles\n        WHERE identifier = ?\n        LIMIT 1\n\t\t [\"RIHV51PG\"]) in 6.1764ms'","module":"DBInterface","timestamp":"2026-02-19T17:35:35.650Z"}
{"level":"warn","message":"Aborted fetching tweets for user RIHV51PG because they do not have a profile.","module":"twitter","timestamp":"2026-02-19T17:35:35.650Z"}
{"level":"silly","message":"Response Promise Event npwd:fetchTweets:bb56a473-5025-48a5-91b4-3fc06d12e0c9 (7.3655ms), Data >>","module":"events","timestamp":"2026-02-19T17:35:35.650Z"}
{"level":"silly","message":{"data":[],"status":"ok"},"module":"events","timestamp":"2026-02-19T17:35:35.650Z"}
{"level":"silly","message":"netPromise > npwd:getOrCreateTwitterProfile > RequestObj","module":"events","timestamp":"2026-02-19T17:35:38.879Z"}
{"level":"silly","message":{"data":null,"source":1},"module":"events","timestamp":"2026-02-19T17:35:38.879Z"}
{"level":"silly","message":"netPromise > phone:getMyProfile > RequestObj","module":"events","timestamp":"2026-02-19T17:35:38.879Z"}
{"level":"silly","message":{"data":null,"source":1},"module":"events","timestamp":"2026-02-19T17:35:38.879Z"}
{"level":"info","message":"Executed query (\n        SELECT *\n        FROM npwd_twitter_profiles\n        WHERE identifier = ?\n        LIMIT 1\n\t\t [\"RIHV51PG\"]) in 3.7414ms'","module":"DBInterface","timestamp":"2026-02-19T17:35:38.883Z"}
{"level":"info","message":"Creating default Twitter profile Hank_Jordan for RIHV51PG","module":"twitter","timestamp":"2026-02-19T17:35:38.884Z"}
{"level":"info","message":"Executed query (\n        SELECT *\n        FROM npwd_twitter_profiles\n        WHERE identifier = ?\n        LIMIT 1\n\t\t [\"RIHV51PG\"]) in 1.4186ms'","module":"DBInterface","timestamp":"2026-02-19T17:35:38.889Z"}
{"level":"silly","message":"Response Promise Event npwd:getOrCreateTwitterProfile:d6c398b3-c3df-420c-b627-c6b17358f7a5 (10.4781ms), Data >>","module":"events","timestamp":"2026-02-19T17:35:38.889Z"}
{"level":"info","message":"Executed query (\n        SELECT *,\n               UNIX_TIMESTAMP(updatedAt) AS lastActive\n        FROM npwd_match_profiles\n        WHERE identifier = ?\n        LIMIT 1\n\t\t [\"RIHV51PG\"]) in 10.5062ms'","module":"DBInterface","timestamp":"2026-02-19T17:35:38.890Z"}
{"level":"silly","message":{"data":{"avatar_url":"https://i.fivemanage.com/images/3ClWwmpwkFhL.png","createdAt":"2026-02-19T17:35:38.000Z","id":1,"identifier":"RIHV51PG","profile_name":"Hank_Jordan","updatedAt":"2026-02-19T17:35:38.000Z"},"status":"ok"},"module":"events","timestamp":"2026-02-19T17:35:38.889Z"}
{"level":"info","message":"Creating default match profile Hank Jordan for RIHV51PG","module":"match","timestamp":"2026-02-19T17:35:38.891Z"}
{"level":"info","message":"Executed query (\n        SELECT *,\n               UNIX_TIMESTAMP(updatedAt) AS lastActive\n        FROM npwd_match_profiles\n        WHERE identifier = ?\n        LIMIT 1\n\t\t [\"RIHV51PG\"]) in 1.2136ms'","module":"DBInterface","timestamp":"2026-02-19T17:35:38.895Z"}
{"level":"silly","message":"Response Promise Event phone:getMyProfile:d4f9f35b-5434-455d-adef-9e30feb65d7b (16.1812ms), Data >>","module":"events","timestamp":"2026-02-19T17:35:38.896Z"}
{"level":"silly","message":{"data":{"bio":"","createdAt":"2026-02-19T17:35:38.000Z","id":1,"identifier":"RIHV51PG","image":"https://upload.wikimedia.org/wikipedia/commons/a/ac/No_image_available.svg","job":"","lastActive":1771522538,"lastActiveFormatted":"Thu, 19 Feb 2026 17:35:38 GMT","location":"","name":"Hank Jordan","tagList":[],"tags":"","updatedAt":"2026-02-19T17:35:38.000Z","viewed":false,"voiceMessage":null},"status":"ok"},"module":"events","timestamp":"2026-02-19T17:35:38.896Z"}
{"level":"silly","message":"netPromise > npwd:fetchMessageGroups > RequestObj","module":"events","timestamp":"2026-02-19T17:35:38.931Z"}
{"level":"silly","message":{"data":null,"source":1},"module":"events","timestamp":"2026-02-19T17:35:38.932Z"}
{"level":"silly","message":"netPromise > npwd-contact-getAll > RequestObj","module":"events","timestamp":"2026-02-19T17:35:38.932Z"}
{"level":"silly","message":{"data":null,"source":1},"module":"events","timestamp":"2026-02-19T17:35:38.932Z"}
{"level":"info","message":"Executed query (SELECT * FROM npwd_phone_contacts WHERE identifier = ? ORDER BY display ASC [\"RIHV51PG\"]) in 4.8448ms'","module":"DBInterface","timestamp":"2026-02-19T17:35:38.938Z"}
{"level":"silly","message":"Response Promise Event npwd-contact-getAll:8874ce41-b1ca-4381-9bc1-213d63e91905 (5.489ms), Data >>","module":"events","timestamp":"2026-02-19T17:35:38.938Z"}
{"level":"info","message":"Executed query (SELECT npwd_messages_conversations.id,\n                          npwd_messages_conversations.conversation_list         as conversationList,\n                          npwd_messages_participants.unread_count               as unreadCount,\n                          npwd_messages_conversations.is_group_chat             as isGroupChat,\n                          npwd_messages_conversations.label,\n                          UNIX_TIMESTAMP(npwd_messages_conversations.updatedAt) as updatedAt,\n                          npwd_messages_participants.participant\n                   FROM npwd_messages_conversations\n                            INNER JOIN npwd_messages_participants\n                                       on npwd_messages_conversations.id = npwd_messages_participants.conversation_id\n                   WHERE npwd_messages_participants.participant = ? [\"5191234846\"]) in 6.4953ms'","module":"DBInterface","timestamp":"2026-02-19T17:35:38.938Z"}
{"level":"silly","message":{"data":[],"status":"ok"},"module":"events","timestamp":"2026-02-19T17:35:38.938Z"}
{"level":"silly","message":"Response Promise Event npwd:fetchMessageGroups:586ff3fc-c216-4a7c-a135-dad4552fdcc8 (7.3478ms), Data >>","module":"events","timestamp":"2026-02-19T17:35:38.939Z"}
{"level":"silly","message":{"data":[],"status":"ok"},"module":"events","timestamp":"2026-02-19T17:35:38.939Z"}
{"level":"info","message":"Executed query (SELECT id FROM npwd_marketplace_listings WHERE identifier = ? [\"RIHV51PG\"]) in 4.2151ms'","module":"DBInterface","timestamp":"2026-02-19T17:50:29.973Z"}
{"level":"info","message":"Executed query (DELETE FROM npwd_marketplace_listings WHERE identifier = ? AND reported = 0 [\"RIHV51PG\"]) in 0.5468ms'","module":"DBInterface","timestamp":"2026-02-19T17:50:29.974Z"}
{"level":"info","message":"Unloaded NPWD Player, source: (1)","module":"player","timestamp":"2026-02-19T17:50:29.974Z"}
{"level":"debug","message":"Marketplace service started","module":"marketplace","timestamp":"2026-02-19T18:00:45.479Z"}
{"level":"debug","message":"Call service started","module":"calls","timestamp":"2026-02-19T18:00:45.481Z"}
{"level":"debug","message":"Player Service started","module":"player","timestamp":"2026-02-19T18:00:45.481Z"}
{"level":"info","message":"Loading QBX bridge....","timestamp":"2026-02-19T18:00:45.481Z"}
{"level":"info","message":"QBX bridge initialized","timestamp":"2026-02-19T18:00:45.481Z"}
{"level":"debug","message":"Boot service started","module":"boot","timestamp":"2026-02-19T18:00:45.481Z"}
{"level":"debug","message":"Messages service started","module":"messages","timestamp":"2026-02-19T18:00:45.482Z"}
{"level":"debug","message":"Notes service started","module":"notes","timestamp":"2026-02-19T18:00:45.482Z"}
{"level":"debug","message":"Contacts service started","module":"contact","timestamp":"2026-02-19T18:00:45.482Z"}
{"level":"debug","message":"Photo service started","module":"photo","timestamp":"2026-02-19T18:00:45.498Z"}
{"level":"debug","message":"Twitter service started","module":"twitter","timestamp":"2026-02-19T18:00:45.498Z"}
{"level":"debug","message":"Match service started","module":"match","timestamp":"2026-02-19T18:00:45.499Z"}
{"level":"debug","message":"Beginning database schema validation","module":"boot","timestamp":"2026-02-19T18:00:48.209Z"}
{"level":"info","message":"Successfully started","timestamp":"2026-02-19T18:00:48.218Z"}
{"level":"info","message":"Executed query (SELECT COUNT(*) as count\n                       FROM information_schema.tables\n                       WHERE table_schema = ?\n                         AND table_name = ? [\"Qbox_9745ED\",\"players\"]) in 68.8356ms'","module":"DBInterface","timestamp":"2026-02-19T18:00:48.278Z"}
{"level":"info","message":"Executed query (SHOW COLUMNS IN players []) in 17.9433ms'","module":"DBInterface","timestamp":"2026-02-19T18:00:48.297Z"}
{"level":"debug","message":"Database schema successfully validated","module":"boot","timestamp":"2026-02-19T18:00:48.297Z"}
{"level":"info","message":"New NPWD Player added through event (1) (RIHV51PG)","module":"player","timestamp":"2026-02-19T18:01:56.926Z"}
{"level":"debug","message":{"_firstname":"Hank","_identifier":"RIHV51PG","_lastname":"Jordan","_phoneNumber":"5191234846","source":1,"username":"EL Magnifico"},"module":"player","timestamp":"2026-02-19T18:01:56.926Z"}
{"level":"info","message":"New NPWD Player added through event (1) (RIHV51PG)","module":"player","timestamp":"2026-02-19T18:01:56.932Z"}
{"level":"debug","message":{"_firstname":"Hank","_identifier":"RIHV51PG","_lastname":"Jordan","_phoneNumber":"5191234846","source":1,"username":"EL Magnifico"},"module":"player","timestamp":"2026-02-19T18:01:56.932Z"}
{"level":"silly","message":"netPromise > npwd:fetchTweets > RequestObj","module":"events","timestamp":"2026-02-19T18:01:57.024Z"}
{"level":"silly","message":{"data":{"pageId":0},"source":1},"module":"events","timestamp":"2026-02-19T18:01:57.024Z"}
{"level":"info","message":"Executed query (\n        SELECT *\n        FROM npwd_twitter_profiles\n        WHERE identifier = ?\n        LIMIT 1\n\t\t [\"RIHV51PG\"]) in 3.8888ms'","module":"DBInterface","timestamp":"2026-02-19T18:01:57.028Z"}
{"level":"info","message":"Executed query (\n        SELECT \n  npwd_twitter_tweets.id,\n  npwd_twitter_tweets.identifier,\n  npwd_twitter_profiles.id AS profile_id,\n  npwd_twitter_profiles.profile_name,\n  npwd_twitter_profiles.avatar_url,\n  npwd_twitter_tweets.likes,\n  npwd_twitter_tweets.visible,\n  IFNULL(COALESCE(retweets.message, npwd_twitter_tweets.message), '') AS message,\n  IFNULL(COALESCE(retweets.images, npwd_twitter_tweets.images), '') AS images,\n  npwd_twitter_tweets.retweet IS NOT NULL AS isRetweet,\n  retweets.id AS retweetId,\n  retweets_profiles.profile_name AS retweetProfileName,\n  retweets_profiles.avatar_url AS retweetAvatarUrl,\n  npwd_twitter_likes.id IS NOT NULL AS isLiked,\n  npwd_twitter_reports.id IS NOT NULL AS isReported,\n  npwd_twitter_tweets.createdAt,\n  npwd_twitter_tweets.updatedAt,\n  TIME_TO_SEC(TIMEDIFF( NOW(), npwd_twitter_tweets.createdAt)) AS seconds_since_tweet\n\n        FROM npwd_twitter_tweets\n                 LEFT OUTER JOIN npwd_twitter_profiles\n                                 ON npwd_twitter_tweets.identifier = npwd_twitter_profiles.identifier\n                 LEFT OUTER JOIN npwd_twitter_likes ON npwd_twitter_tweets.id = npwd_twitter_likes.tweet_id AND\n                                                       npwd_twitter_likes.profile_id = ?\n                 LEFT OUTER JOIN npwd_twitter_reports ON npwd_twitter_tweets.id = npwd_twitter_reports.tweet_id AND\n                                                         npwd_twitter_reports.profile_id = ?\n                 LEFT OUTER JOIN npwd_twitter_tweets AS retweets ON retweets.id = npwd_twitter_tweets.retweet\n                 LEFT OUTER JOIN npwd_twitter_profiles AS retweets_profiles\n                                 ON retweets.identifier = retweets_profiles.identifier\n        WHERE npwd_twitter_tweets.visible = 1\n        ORDER BY id DESC\n        LIMIT ? OFFSET ?\n\t\t [1,1,\"25\",\"0\"]) in 26.3742ms'","module":"DBInterface","timestamp":"2026-02-19T18:01:57.055Z"}
{"level":"silly","message":"Response Promise Event npwd:fetchTweets:126befe3-bac0-41ce-9541-e24f1adc7927 (31.4429ms), Data >>","module":"events","timestamp":"2026-02-19T18:01:57.056Z"}
{"level":"silly","message":{"data":[],"status":"ok"},"module":"events","timestamp":"2026-02-19T18:01:57.056Z"}
{"level":"silly","message":"netPromise > npwd:getOrCreateTwitterProfile > RequestObj","module":"events","timestamp":"2026-02-19T18:02:00.160Z"}
{"level":"silly","message":{"data":null,"source":1},"module":"events","timestamp":"2026-02-19T18:02:00.160Z"}
{"level":"silly","message":"netPromise > phone:getMyProfile > RequestObj","module":"events","timestamp":"2026-02-19T18:02:00.160Z"}
{"level":"silly","message":{"data":null,"source":1},"module":"events","timestamp":"2026-02-19T18:02:00.160Z"}
{"level":"silly","message":"netPromise > npwd:fetchMessageGroups > RequestObj","module":"events","timestamp":"2026-02-19T18:02:00.161Z"}
{"level":"silly","message":{"data":null,"source":1},"module":"events","timestamp":"2026-02-19T18:02:00.161Z"}
{"level":"silly","message":"netPromise > npwd-contact-getAll > RequestObj","module":"events","timestamp":"2026-02-19T18:02:00.163Z"}
{"level":"silly","message":{"data":null,"source":1},"module":"events","timestamp":"2026-02-19T18:02:00.163Z"}
{"level":"info","message":"Executed query (\n        SELECT *\n        FROM npwd_twitter_profiles\n        WHERE identifier = ?\n        LIMIT 1\n\t\t [\"RIHV51PG\"]) in 5.5374ms'","module":"DBInterface","timestamp":"2026-02-19T18:02:00.166Z"}
{"level":"silly","message":"Response Promise Event npwd:getOrCreateTwitterProfile:85ed68e2-281c-47a5-90a4-6b7b78a2549a (6.3209ms), Data >>","module":"events","timestamp":"2026-02-19T18:02:00.166Z"}
{"level":"silly","message":{"data":{"avatar_url":"https://i.fivemanage.com/images/3ClWwmpwkFhL.png","createdAt":"2026-02-19T17:35:38.000Z","id":1,"identifier":"RIHV51PG","profile_name":"Hank_Jordan","updatedAt":"2026-02-19T17:35:38.000Z"},"status":"ok"},"module":"events","timestamp":"2026-02-19T18:02:00.166Z"}
{"level":"info","message":"Executed query (\n        SELECT *,\n               UNIX_TIMESTAMP(updatedAt) AS lastActive\n        FROM npwd_match_profiles\n        WHERE identifier = ?\n        LIMIT 1\n\t\t [\"RIHV51PG\"]) in 10.1485ms'","module":"DBInterface","timestamp":"2026-02-19T18:02:00.171Z"}
{"level":"silly","message":"Response Promise Event phone:getMyProfile:6ed07a64-4fd8-478a-8dd2-a327c3be3dbf (11.1698ms), Data >>","module":"events","timestamp":"2026-02-19T18:02:00.171Z"}
{"level":"info","message":"Executed query (SELECT npwd_messages_conversations.id,\n                          npwd_messages_conversations.conversation_list         as conversationList,\n                          npwd_messages_participants.unread_count               as unreadCount,\n                          npwd_messages_conversations.is_group_chat             as isGroupChat,\n                          npwd_messages_conversations.label,\n                          UNIX_TIMESTAMP(npwd_messages_conversations.updatedAt) as updatedAt,\n                          npwd_messages_participants.participant\n                   FROM npwd_messages_conversations\n                            INNER JOIN npwd_messages_participants\n                                       on npwd_messages_conversations.id = npwd_messages_participants.conversation_id\n                   WHERE npwd_messages_participants.participant = ? [\"5191234846\"]) in 10.7184ms'","module":"DBInterface","timestamp":"2026-02-19T18:02:00.172Z"}
{"level":"info","message":"Executed query (SELECT * FROM npwd_phone_contacts WHERE identifier = ? ORDER BY display ASC [\"RIHV51PG\"]) in 10.0258ms'","module":"DBInterface","timestamp":"2026-02-19T18:02:00.173Z"}
{"level":"silly","message":{"data":{"bio":"","createdAt":"2026-02-19T17:35:38.000Z","id":1,"identifier":"RIHV51PG","image":"https://upload.wikimedia.org/wikipedia/commons/a/ac/No_image_available.svg","job":"","lastActive":1771522538,"lastActiveFormatted":"Thu, 19 Feb 2026 17:35:38 GMT","location":"","name":"Hank Jordan","tagList":[],"tags":"","updatedAt":"2026-02-19T17:35:38.000Z","viewed":false,"voiceMessage":null},"status":"ok"},"module":"events","timestamp":"2026-02-19T18:02:00.172Z"}
{"level":"silly","message":"Response Promise Event npwd:fetchMessageGroups:7b2e0b92-e201-4bc8-963c-d433fb1239b0 (11.1096ms), Data >>","module":"events","timestamp":"2026-02-19T18:02:00.172Z"}
{"level":"silly","message":{"data":[],"status":"ok"},"module":"events","timestamp":"2026-02-19T18:02:00.172Z"}
{"level":"silly","message":"Response Promise Event npwd-contact-getAll:4ab9ca79-0126-46b8-b73b-c83b3d5b627b (10.4542ms), Data >>","module":"events","timestamp":"2026-02-19T18:02:00.173Z"}
{"level":"silly","message":{"data":[],"status":"ok"},"module":"events","timestamp":"2026-02-19T18:02:00.173Z"}
{"level":"info","message":"Executed query (SELECT id FROM npwd_marketplace_listings WHERE identifier = ? [\"RIHV51PG\"]) in 3.9517ms'","module":"DBInterface","timestamp":"2026-02-19T18:02:58.695Z"}
{"level":"info","message":"Executed query (DELETE FROM npwd_marketplace_listings WHERE identifier = ? AND reported = 0 [\"RIHV51PG\"]) in 1.7442ms'","module":"DBInterface","timestamp":"2026-02-19T18:02:58.697Z"}
{"level":"info","message":"Unloaded NPWD Player, source: (1)","module":"player","timestamp":"2026-02-19T18:02:58.697Z"}
{"level":"debug","message":"Marketplace service started","module":"marketplace","timestamp":"2026-02-19T18:04:48.490Z"}
{"level":"debug","message":"Call service started","module":"calls","timestamp":"2026-02-19T18:04:48.492Z"}
{"level":"debug","message":"Player Service started","module":"player","timestamp":"2026-02-19T18:04:48.492Z"}
{"level":"info","message":"Loading QBX bridge....","timestamp":"2026-02-19T18:04:48.492Z"}
{"level":"info","message":"QBX bridge initialized","timestamp":"2026-02-19T18:04:48.492Z"}
{"level":"debug","message":"Boot service started","module":"boot","timestamp":"2026-02-19T18:04:48.493Z"}
{"level":"debug","message":"Messages service started","module":"messages","timestamp":"2026-02-19T18:04:48.493Z"}
{"level":"debug","message":"Notes service started","module":"notes","timestamp":"2026-02-19T18:04:48.493Z"}
{"level":"debug","message":"Contacts service started","module":"contact","timestamp":"2026-02-19T18:04:48.493Z"}
{"level":"debug","message":"Photo service started","module":"photo","timestamp":"2026-02-19T18:04:48.507Z"}
{"level":"debug","message":"Twitter service started","module":"twitter","timestamp":"2026-02-19T18:04:48.507Z"}
{"level":"debug","message":"Match service started","module":"match","timestamp":"2026-02-19T18:04:48.508Z"}
{"level":"debug","message":"Beginning database schema validation","module":"boot","timestamp":"2026-02-19T18:04:49.370Z"}
{"level":"info","message":"Successfully started","timestamp":"2026-02-19T18:04:49.380Z"}
{"level":"info","message":"Executed query (SELECT COUNT(*) as count\n                       FROM information_schema.tables\n                       WHERE table_schema = ?\n                         AND table_name = ? [\"Qbox_9745ED\",\"players\"]) in 57.565ms'","module":"DBInterface","timestamp":"2026-02-19T18:04:49.428Z"}
{"level":"info","message":"Executed query (SHOW COLUMNS IN players []) in 17.2077ms'","module":"DBInterface","timestamp":"2026-02-19T18:04:49.445Z"}
{"level":"debug","message":"Database schema successfully validated","module":"boot","timestamp":"2026-02-19T18:04:49.446Z"}
{"level":"info","message":"New NPWD Player added through event (1) (RIHV51PG)","module":"player","timestamp":"2026-02-19T18:06:08.063Z"}
{"level":"debug","message":{"_firstname":"Hank","_identifier":"RIHV51PG","_lastname":"Jordan","_phoneNumber":"5191234846","source":1,"username":"EL Magnifico"},"module":"player","timestamp":"2026-02-19T18:06:08.064Z"}
{"level":"info","message":"New NPWD Player added through event (1) (RIHV51PG)","module":"player","timestamp":"2026-02-19T18:06:08.069Z"}
{"level":"debug","message":{"_firstname":"Hank","_identifier":"RIHV51PG","_lastname":"Jordan","_phoneNumber":"5191234846","source":1,"username":"EL Magnifico"},"module":"player","timestamp":"2026-02-19T18:06:08.069Z"}
{"level":"silly","message":"netPromise > npwd:fetchTweets > RequestObj","module":"events","timestamp":"2026-02-19T18:06:08.163Z"}
{"level":"silly","message":{"data":{"pageId":0},"source":1},"module":"events","timestamp":"2026-02-19T18:06:08.163Z"}
{"level":"info","message":"Executed query (\n        SELECT *\n        FROM npwd_twitter_profiles\n        WHERE identifier = ?\n        LIMIT 1\n\t\t [\"RIHV51PG\"]) in 5.0824ms'","module":"DBInterface","timestamp":"2026-02-19T18:06:08.169Z"}
{"level":"silly","message":"Response Promise Event npwd:fetchTweets:6da5af36-2efc-4de3-9a85-6de5c5a5b7e0 (29.5336ms), Data >>","module":"events","timestamp":"2026-02-19T18:06:08.193Z"}
{"level":"info","message":"Executed query (\n        SELECT \n  npwd_twitter_tweets.id,\n  npwd_twitter_tweets.identifier,\n  npwd_twitter_profiles.id AS profile_id,\n  npwd_twitter_profiles.profile_name,\n  npwd_twitter_profiles.avatar_url,\n  npwd_twitter_tweets.likes,\n  npwd_twitter_tweets.visible,\n  IFNULL(COALESCE(retweets.message, npwd_twitter_tweets.message), '') AS message,\n  IFNULL(COALESCE(retweets.images, npwd_twitter_tweets.images), '') AS images,\n  npwd_twitter_tweets.retweet IS NOT NULL AS isRetweet,\n  retweets.id AS retweetId,\n  retweets_profiles.profile_name AS retweetProfileName,\n  retweets_profiles.avatar_url AS retweetAvatarUrl,\n  npwd_twitter_likes.id IS NOT NULL AS isLiked,\n  npwd_twitter_reports.id IS NOT NULL AS isReported,\n  npwd_twitter_tweets.createdAt,\n  npwd_twitter_tweets.updatedAt,\n  TIME_TO_SEC(TIMEDIFF( NOW(), npwd_twitter_tweets.createdAt)) AS seconds_since_tweet\n\n        FROM npwd_twitter_tweets\n                 LEFT OUTER JOIN npwd_twitter_profiles\n                                 ON npwd_twitter_tweets.identifier = npwd_twitter_profiles.identifier\n                 LEFT OUTER JOIN npwd_twitter_likes ON npwd_twitter_tweets.id = npwd_twitter_likes.tweet_id AND\n                                                       npwd_twitter_likes.profile_id = ?\n                 LEFT OUTER JOIN npwd_twitter_reports ON npwd_twitter_tweets.id = npwd_twitter_reports.tweet_id AND\n                                                         npwd_twitter_reports.profile_id = ?\n                 LEFT OUTER JOIN npwd_twitter_tweets AS retweets ON retweets.id = npwd_twitter_tweets.retweet\n                 LEFT OUTER JOIN npwd_twitter_profiles AS retweets_profiles\n                                 ON retweets.identifier = retweets_profiles.identifier\n        WHERE npwd_twitter_tweets.visible = 1\n        ORDER BY id DESC\n        LIMIT ? OFFSET ?\n\t\t [1,1,\"25\",\"0\"]) in 23.0711ms'","module":"DBInterface","timestamp":"2026-02-19T18:06:08.192Z"}
{"level":"silly","message":{"data":[],"status":"ok"},"module":"events","timestamp":"2026-02-19T18:06:08.193Z"}
{"level":"silly","message":"netPromise > npwd:getOrCreateTwitterProfile > RequestObj","module":"events","timestamp":"2026-02-19T18:06:08.817Z"}
{"level":"silly","message":{"data":null,"source":1},"module":"events","timestamp":"2026-02-19T18:06:08.818Z"}
{"level":"silly","message":"netPromise > phone:getMyProfile > RequestObj","module":"events","timestamp":"2026-02-19T18:06:08.818Z"}
{"level":"silly","message":{"data":null,"source":1},"module":"events","timestamp":"2026-02-19T18:06:08.818Z"}
{"level":"silly","message":"netPromise > npwd:fetchMessageGroups > RequestObj","module":"events","timestamp":"2026-02-19T18:06:08.822Z"}
{"level":"silly","message":{"data":null,"source":1},"module":"events","timestamp":"2026-02-19T18:06:08.822Z"}
{"level":"info","message":"Executed query (\n        SELECT *\n        FROM npwd_twitter_profiles\n        WHERE identifier = ?\n        LIMIT 1\n\t\t [\"RIHV51PG\"]) in 6.2917ms'","module":"DBInterface","timestamp":"2026-02-19T18:06:08.824Z"}
{"level":"silly","message":"Response Promise Event npwd:getOrCreateTwitterProfile:3d81f325-5ff2-4fd7-854a-28da32ba09ee (7.1698ms), Data >>","module":"events","timestamp":"2026-02-19T18:06:08.825Z"}
{"level":"silly","message":{"data":{"avatar_url":"https://i.fivemanage.com/images/3ClWwmpwkFhL.png","createdAt":"2026-02-19T17:35:38.000Z","id":1,"identifier":"RIHV51PG","profile_name":"Hank_Jordan","updatedAt":"2026-02-19T17:35:38.000Z"},"status":"ok"},"module":"events","timestamp":"2026-02-19T18:06:08.825Z"}
{"level":"info","message":"Executed query (\n        SELECT *,\n               UNIX_TIMESTAMP(updatedAt) AS lastActive\n        FROM npwd_match_profiles\n        WHERE identifier = ?\n        LIMIT 1\n\t\t [\"RIHV51PG\"]) in 9.1652ms'","module":"DBInterface","timestamp":"2026-02-19T18:06:08.829Z"}
{"level":"silly","message":"Response Promise Event phone:getMyProfile:222220a8-9145-4d03-9eda-97d788a5bfeb (10.9648ms), Data >>","module":"events","timestamp":"2026-02-19T18:06:08.829Z"}
{"level":"info","message":"Executed query (SELECT npwd_messages_conversations.id,\n                          npwd_messages_conversations.conversation_list         as conversationList,\n                          npwd_messages_participants.unread_count               as unreadCount,\n                          npwd_messages_conversations.is_group_chat             as isGroupChat,\n                          npwd_messages_conversations.label,\n                          UNIX_TIMESTAMP(npwd_messages_conversations.updatedAt) as updatedAt,\n                          npwd_messages_participants.participant\n                   FROM npwd_messages_conversations\n                            INNER JOIN npwd_messages_participants\n                                       on npwd_messages_conversations.id = npwd_messages_participants.conversation_id\n                   WHERE npwd_messages_participants.participant = ? [\"5191234846\"]) in 8.0494ms'","module":"DBInterface","timestamp":"2026-02-19T18:06:08.830Z"}
{"level":"silly","message":{"data":{"bio":"","createdAt":"2026-02-19T17:35:38.000Z","id":1,"identifier":"RIHV51PG","image":"https://upload.wikimedia.org/wikipedia/commons/a/ac/No_image_available.svg","job":"","lastActive":1771522538,"lastActiveFormatted":"Thu, 19 Feb 2026 17:35:38 GMT","location":"","name":"Hank Jordan","tagList":[],"tags":"","updatedAt":"2026-02-19T17:35:38.000Z","viewed":false,"voiceMessage":null},"status":"ok"},"module":"events","timestamp":"2026-02-19T18:06:08.829Z"}
{"level":"silly","message":"Response Promise Event npwd:fetchMessageGroups:1f14bb00-8f7b-416c-93ab-857000b3c6ae (8.5592ms), Data >>","module":"events","timestamp":"2026-02-19T18:06:08.830Z"}
{"level":"silly","message":{"data":[],"status":"ok"},"module":"events","timestamp":"2026-02-19T18:06:08.830Z"}
{"level":"silly","message":"netPromise > npwd-contact-getAll > RequestObj","module":"events","timestamp":"2026-02-19T18:06:12.311Z"}
{"level":"silly","message":{"data":null,"source":1},"module":"events","timestamp":"2026-02-19T18:06:12.311Z"}
{"level":"info","message":"Executed query (SELECT * FROM npwd_phone_contacts WHERE identifier = ? ORDER BY display ASC [\"RIHV51PG\"]) in 1.8714ms'","module":"DBInterface","timestamp":"2026-02-19T18:06:12.313Z"}
{"level":"silly","message":"Response Promise Event npwd-contact-getAll:00dd9d6c-2f7c-4403-b49e-cebb7368b5d4 (2.5459ms), Data >>","module":"events","timestamp":"2026-02-19T18:06:12.313Z"}
{"level":"silly","message":{"data":[],"status":"ok"},"module":"events","timestamp":"2026-02-19T18:06:12.313Z"}
{"level":"info","message":"Executed query (SELECT id FROM npwd_marketplace_listings WHERE identifier = ? [\"RIHV51PG\"]) in 4.8624ms'","module":"DBInterface","timestamp":"2026-02-19T18:07:22.739Z"}
{"level":"info","message":"Executed query (DELETE FROM npwd_marketplace_listings WHERE identifier = ? AND reported = 0 [\"RIHV51PG\"]) in 0.7786ms'","module":"DBInterface","timestamp":"2026-02-19T18:07:22.740Z"}
{"level":"info","message":"Unloaded NPWD Player, source: (1)","module":"player","timestamp":"2026-02-19T18:07:22.740Z"}
{"level":"debug","message":"Marketplace service started","module":"marketplace","timestamp":"2026-02-19T18:53:16.841Z"}
{"level":"debug","message":"Call service started","module":"calls","timestamp":"2026-02-19T18:53:16.847Z"}
{"level":"debug","message":"Player Service started","module":"player","timestamp":"2026-02-19T18:53:16.847Z"}
{"level":"info","message":"Loading QBX bridge....","timestamp":"2026-02-19T18:53:16.847Z"}
{"level":"info","message":"QBX bridge initialized","timestamp":"2026-02-19T18:53:16.847Z"}
{"level":"debug","message":"Boot service started","module":"boot","timestamp":"2026-02-19T18:53:16.848Z"}
{"level":"debug","message":"Messages service started","module":"messages","timestamp":"2026-02-19T18:53:16.848Z"}
{"level":"debug","message":"Notes service started","module":"notes","timestamp":"2026-02-19T18:53:16.848Z"}
{"level":"debug","message":"Contacts service started","module":"contact","timestamp":"2026-02-19T18:53:16.848Z"}
{"level":"debug","message":"Photo service started","module":"photo","timestamp":"2026-02-19T18:53:16.857Z"}
{"level":"debug","message":"Twitter service started","module":"twitter","timestamp":"2026-02-19T18:53:16.858Z"}
{"level":"debug","message":"Match service started","module":"match","timestamp":"2026-02-19T18:53:16.858Z"}
{"level":"debug","message":"Beginning database schema validation","module":"boot","timestamp":"2026-02-19T18:53:19.455Z"}
{"level":"info","message":"Successfully started","timestamp":"2026-02-19T18:53:19.513Z"}
{"level":"error","message":"Error executing (SELECT COUNT(*) as count\n                       FROM information_schema.tables\n                       WHERE table_schema = ?\n                         AND table_name = ? [\"Qbox_9745ED\",\"players\"]) with error message connect ECONNREFUSED 127.0.0.1:3306","module":"DBInterface","timestamp":"2026-02-19T18:53:19.638Z"}
{"level":"debug","message":"Marketplace service started","module":"marketplace","timestamp":"2026-02-19T18:53:56.451Z"}
{"level":"debug","message":"Call service started","module":"calls","timestamp":"2026-02-19T18:53:56.452Z"}
{"level":"debug","message":"Player Service started","module":"player","timestamp":"2026-02-19T18:53:56.452Z"}
{"level":"info","message":"Loading QBX bridge....","timestamp":"2026-02-19T18:53:56.452Z"}
{"level":"info","message":"QBX bridge initialized","timestamp":"2026-02-19T18:53:56.453Z"}
{"level":"debug","message":"Boot service started","module":"boot","timestamp":"2026-02-19T18:53:56.453Z"}
{"level":"debug","message":"Messages service started","module":"messages","timestamp":"2026-02-19T18:53:56.453Z"}
{"level":"debug","message":"Notes service started","module":"notes","timestamp":"2026-02-19T18:53:56.453Z"}
{"level":"debug","message":"Contacts service started","module":"contact","timestamp":"2026-02-19T18:53:56.453Z"}
{"level":"debug","message":"Photo service started","module":"photo","timestamp":"2026-02-19T18:53:56.462Z"}
{"level":"debug","message":"Twitter service started","module":"twitter","timestamp":"2026-02-19T18:53:56.462Z"}
{"level":"debug","message":"Match service started","module":"match","timestamp":"2026-02-19T18:53:56.463Z"}
{"level":"debug","message":"Beginning database schema validation","module":"boot","timestamp":"2026-02-19T18:53:57.244Z"}
{"level":"info","message":"Successfully started","timestamp":"2026-02-19T18:53:57.253Z"}
{"level":"info","message":"Executed query (SELECT COUNT(*) as count\n                       FROM information_schema.tables\n                       WHERE table_schema = ?\n                         AND table_name = ? [\"Qbox_9745ED\",\"players\"]) in 48.5134ms'","module":"DBInterface","timestamp":"2026-02-19T18:53:57.294Z"}
{"level":"info","message":"Executed query (SHOW COLUMNS IN players []) in 15.9377ms'","module":"DBInterface","timestamp":"2026-02-19T18:53:57.310Z"}
{"level":"debug","message":"Database schema successfully validated","module":"boot","timestamp":"2026-02-19T18:53:57.310Z"}
{"level":"info","message":"New NPWD Player added through event (1) (RIHV51PG)","module":"player","timestamp":"2026-02-19T18:55:42.274Z"}
{"level":"debug","message":{"_firstname":"Hank","_identifier":"RIHV51PG","_lastname":"Jordan","_phoneNumber":"5191234846","source":1,"username":"ChillyOtter4664"},"module":"player","timestamp":"2026-02-19T18:55:42.275Z"}
{"level":"info","message":"New NPWD Player added through event (1) (RIHV51PG)","module":"player","timestamp":"2026-02-19T18:55:42.281Z"}
{"level":"debug","message":{"_firstname":"Hank","_identifier":"RIHV51PG","_lastname":"Jordan","_phoneNumber":"5191234846","source":1,"username":"ChillyOtter4664"},"module":"player","timestamp":"2026-02-19T18:55:42.281Z"}
{"level":"silly","message":"netPromise > npwd:fetchTweets > RequestObj","module":"events","timestamp":"2026-02-19T18:55:42.374Z"}
{"level":"silly","message":{"data":{"pageId":0},"source":1},"module":"events","timestamp":"2026-02-19T18:55:42.374Z"}
{"level":"info","message":"Executed query (\n        SELECT *\n        FROM npwd_twitter_profiles\n        WHERE identifier = ?\n        LIMIT 1\n\t\t [\"RIHV51PG\"]) in 10.148ms'","module":"DBInterface","timestamp":"2026-02-19T18:55:42.384Z"}
{"level":"info","message":"Executed query (\n        SELECT \n  npwd_twitter_tweets.id,\n  npwd_twitter_tweets.identifier,\n  npwd_twitter_profiles.id AS profile_id,\n  npwd_twitter_profiles.profile_name,\n  npwd_twitter_profiles.avatar_url,\n  npwd_twitter_tweets.likes,\n  npwd_twitter_tweets.visible,\n  IFNULL(COALESCE(retweets.message, npwd_twitter_tweets.message), '') AS message,\n  IFNULL(COALESCE(retweets.images, npwd_twitter_tweets.images), '') AS images,\n  npwd_twitter_tweets.retweet IS NOT NULL AS isRetweet,\n  retweets.id AS retweetId,\n  retweets_profiles.profile_name AS retweetProfileName,\n  retweets_profiles.avatar_url AS retweetAvatarUrl,\n  npwd_twitter_likes.id IS NOT NULL AS isLiked,\n  npwd_twitter_reports.id IS NOT NULL AS isReported,\n  npwd_twitter_tweets.createdAt,\n  npwd_twitter_tweets.updatedAt,\n  TIME_TO_SEC(TIMEDIFF( NOW(), npwd_twitter_tweets.createdAt)) AS seconds_since_tweet\n\n        FROM npwd_twitter_tweets\n                 LEFT OUTER JOIN npwd_twitter_profiles\n                                 ON npwd_twitter_tweets.identifier = npwd_twitter_profiles.identifier\n                 LEFT OUTER JOIN npwd_twitter_likes ON npwd_twitter_tweets.id = npwd_twitter_likes.tweet_id AND\n                                                       npwd_twitter_likes.profile_id = ?\n                 LEFT OUTER JOIN npwd_twitter_reports ON npwd_twitter_tweets.id = npwd_twitter_reports.tweet_id AND\n                                                         npwd_twitter_reports.profile_id = ?\n                 LEFT OUTER JOIN npwd_twitter_tweets AS retweets ON retweets.id = npwd_twitter_tweets.retweet\n                 LEFT OUTER JOIN npwd_twitter_profiles AS retweets_profiles\n                                 ON retweets.identifier = retweets_profiles.identifier\n        WHERE npwd_twitter_tweets.visible = 1\n        ORDER BY id DESC\n        LIMIT ? OFFSET ?\n\t\t [1,1,\"25\",\"0\"]) in 20.3904ms'","module":"DBInterface","timestamp":"2026-02-19T18:55:42.405Z"}
{"level":"silly","message":"Response Promise Event npwd:fetchTweets:b8b8c350-bc28-4a4e-aff1-1ebe300a869c (31.6344ms), Data >>","module":"events","timestamp":"2026-02-19T18:55:42.405Z"}
{"level":"silly","message":{"data":[],"status":"ok"},"module":"events","timestamp":"2026-02-19T18:55:42.405Z"}
{"level":"silly","message":"netPromise > npwd:getOrCreateTwitterProfile > RequestObj","module":"events","timestamp":"2026-02-19T18:55:45.109Z"}
{"level":"silly","message":{"data":null,"source":1},"module":"events","timestamp":"2026-02-19T18:55:45.109Z"}
{"level":"silly","message":"netPromise > phone:getMyProfile > RequestObj","module":"events","timestamp":"2026-02-19T18:55:45.109Z"}
{"level":"silly","message":{"data":null,"source":1},"module":"events","timestamp":"2026-02-19T18:55:45.109Z"}
{"level":"silly","message":"netPromise > npwd:fetchMessageGroups > RequestObj","module":"events","timestamp":"2026-02-19T18:55:45.110Z"}
{"level":"silly","message":{"data":null,"source":1},"module":"events","timestamp":"2026-02-19T18:55:45.110Z"}
{"level":"info","message":"Executed query (\n        SELECT *\n        FROM npwd_twitter_profiles\n        WHERE identifier = ?\n        LIMIT 1\n\t\t [\"RIHV51PG\"]) in 3.8693ms'","module":"DBInterface","timestamp":"2026-02-19T18:55:45.113Z"}
{"level":"silly","message":"Response Promise Event npwd:getOrCreateTwitterProfile:e2cbdb66-9045-4bdb-9a72-8eebbd3ba71f (4.4945ms), Data >>","module":"events","timestamp":"2026-02-19T18:55:45.113Z"}
{"level":"silly","message":{"data":{"avatar_url":"https://i.fivemanage.com/images/3ClWwmpwkFhL.png","createdAt":"2026-02-19T17:35:38.000Z","id":1,"identifier":"RIHV51PG","profile_name":"Hank_Jordan","updatedAt":"2026-02-19T17:35:38.000Z"},"status":"ok"},"module":"events","timestamp":"2026-02-19T18:55:45.113Z"}
{"level":"info","message":"Executed query (\n        SELECT *,\n               UNIX_TIMESTAMP(updatedAt) AS lastActive\n        FROM npwd_match_profiles\n        WHERE identifier = ?\n        LIMIT 1\n\t\t [\"RIHV51PG\"]) in 11.4801ms'","module":"DBInterface","timestamp":"2026-02-19T18:55:45.121Z"}
{"level":"silly","message":"Response Promise Event phone:getMyProfile:c60fc5f8-cd29-4170-b9df-e9600d940cc9 (12.4641ms), Data >>","module":"events","timestamp":"2026-02-19T18:55:45.122Z"}
{"level":"info","message":"Executed query (SELECT npwd_messages_conversations.id,\n                          npwd_messages_conversations.conversation_list         as conversationList,\n                          npwd_messages_participants.unread_count               as unreadCount,\n                          npwd_messages_conversations.is_group_chat             as isGroupChat,\n                          npwd_messages_conversations.label,\n                          UNIX_TIMESTAMP(npwd_messages_conversations.updatedAt) as updatedAt,\n                          npwd_messages_participants.participant\n                   FROM npwd_messages_conversations\n                            INNER JOIN npwd_messages_participants\n                                       on npwd_messages_conversations.id = npwd_messages_participants.conversation_id\n                   WHERE npwd_messages_participants.participant = ? [\"5191234846\"]) in 12.3239ms'","module":"DBInterface","timestamp":"2026-02-19T18:55:45.123Z"}
{"level":"silly","message":{"data":{"bio":"","createdAt":"2026-02-19T17:35:38.000Z","id":1,"identifier":"RIHV51PG","image":"https://upload.wikimedia.org/wikipedia/commons/a/ac/No_image_available.svg","job":"","lastActive":1771522538,"lastActiveFormatted":"Thu, 19 Feb 2026 17:35:38 GMT","location":"","name":"Hank Jordan","tagList":[],"tags":"","updatedAt":"2026-02-19T17:35:38.000Z","viewed":false,"voiceMessage":null},"status":"ok"},"module":"events","timestamp":"2026-02-19T18:55:45.122Z"}
{"level":"silly","message":"Response Promise Event npwd:fetchMessageGroups:1f306041-2b5f-486f-9292-f7e1cd6fa575 (13.0307ms), Data >>","module":"events","timestamp":"2026-02-19T18:55:45.123Z"}
{"level":"silly","message":{"data":[],"status":"ok"},"module":"events","timestamp":"2026-02-19T18:55:45.124Z"}
{"level":"silly","message":"netPromise > npwd-contact-getAll > RequestObj","module":"events","timestamp":"2026-02-19T18:55:45.665Z"}
{"level":"silly","message":{"data":null,"source":1},"module":"events","timestamp":"2026-02-19T18:55:45.665Z"}
{"level":"info","message":"Executed query (SELECT * FROM npwd_phone_contacts WHERE identifier = ? ORDER BY display ASC [\"RIHV51PG\"]) in 2.9418ms'","module":"DBInterface","timestamp":"2026-02-19T18:55:45.668Z"}
{"level":"silly","message":"Response Promise Event npwd-contact-getAll:0f4e368a-b253-4769-9aa2-22d22d57d940 (3.6572ms), Data >>","module":"events","timestamp":"2026-02-19T18:55:45.669Z"}
{"level":"silly","message":{"data":[],"status":"ok"},"module":"events","timestamp":"2026-02-19T18:55:45.669Z"}
{"level":"info","message":"Executed query (SELECT id FROM npwd_marketplace_listings WHERE identifier = ? [\"RIHV51PG\"]) in 4.0162ms'","module":"DBInterface","timestamp":"2026-02-19T19:04:00.309Z"}
{"level":"info","message":"Executed query (DELETE FROM npwd_marketplace_listings WHERE identifier = ? AND reported = 0 [\"RIHV51PG\"]) in 0.6137ms'","module":"DBInterface","timestamp":"2026-02-19T19:04:00.310Z"}
{"level":"info","message":"Unloaded NPWD Player, source: (1)","module":"player","timestamp":"2026-02-19T19:04:00.310Z"}
{"level":"debug","message":"Marketplace service started","module":"marketplace","timestamp":"2026-02-19T19:11:01.325Z"}
{"level":"debug","message":"Call service started","module":"calls","timestamp":"2026-02-19T19:11:01.329Z"}
{"level":"debug","message":"Player Service started","module":"player","timestamp":"2026-02-19T19:11:01.329Z"}
{"level":"info","message":"Loading QBX bridge....","timestamp":"2026-02-19T19:11:01.330Z"}
{"level":"info","message":"QBX bridge initialized","timestamp":"2026-02-19T19:11:01.330Z"}
{"level":"debug","message":"Boot service started","module":"boot","timestamp":"2026-02-19T19:11:01.330Z"}
{"level":"debug","message":"Messages service started","module":"messages","timestamp":"2026-02-19T19:11:01.331Z"}
{"level":"debug","message":"Notes service started","module":"notes","timestamp":"2026-02-19T19:11:01.331Z"}
{"level":"debug","message":"Contacts service started","module":"contact","timestamp":"2026-02-19T19:11:01.331Z"}
{"level":"debug","message":"Photo service started","module":"photo","timestamp":"2026-02-19T19:11:01.344Z"}
{"level":"debug","message":"Twitter service started","module":"twitter","timestamp":"2026-02-19T19:11:01.344Z"}
{"level":"debug","message":"Match service started","module":"match","timestamp":"2026-02-19T19:11:01.345Z"}
{"level":"debug","message":"Beginning database schema validation","module":"boot","timestamp":"2026-02-19T19:11:04.334Z"}
{"level":"info","message":"Successfully started","timestamp":"2026-02-19T19:11:04.529Z"}
{"level":"error","message":"Error executing (SELECT COUNT(*) as count\n                       FROM information_schema.tables\n                       WHERE table_schema = ?\n                         AND table_name = ? [\"Qbox_9745ED\",\"players\"]) with error message connect ECONNREFUSED 127.0.0.1:3306","module":"DBInterface","timestamp":"2026-02-19T19:11:05.082Z"}
{"level":"debug","message":"Marketplace service started","module":"marketplace","timestamp":"2026-02-19T19:12:10.087Z"}
{"level":"debug","message":"Call service started","module":"calls","timestamp":"2026-02-19T19:12:10.089Z"}
{"level":"debug","message":"Player Service started","module":"player","timestamp":"2026-02-19T19:12:10.089Z"}
{"level":"info","message":"Loading QBX bridge....","timestamp":"2026-02-19T19:12:10.089Z"}
{"level":"info","message":"QBX bridge initialized","timestamp":"2026-02-19T19:12:10.089Z"}
{"level":"debug","message":"Boot service started","module":"boot","timestamp":"2026-02-19T19:12:10.089Z"}
{"level":"debug","message":"Messages service started","module":"messages","timestamp":"2026-02-19T19:12:10.090Z"}
{"level":"debug","message":"Notes service started","module":"notes","timestamp":"2026-02-19T19:12:10.090Z"}
{"level":"debug","message":"Contacts service started","module":"contact","timestamp":"2026-02-19T19:12:10.090Z"}
{"level":"debug","message":"Photo service started","module":"photo","timestamp":"2026-02-19T19:12:10.099Z"}
{"level":"debug","message":"Twitter service started","module":"twitter","timestamp":"2026-02-19T19:12:10.100Z"}
{"level":"debug","message":"Match service started","module":"match","timestamp":"2026-02-19T19:12:10.100Z"}
{"level":"debug","message":"Beginning database schema validation","module":"boot","timestamp":"2026-02-19T19:12:10.990Z"}
{"level":"info","message":"Successfully started","timestamp":"2026-02-19T19:12:10.999Z"}
{"level":"info","message":"Executed query (SELECT COUNT(*) as count\n                       FROM information_schema.tables\n                       WHERE table_schema = ?\n                         AND table_name = ? [\"Qbox_9745ED\",\"players\"]) in 68.9395ms'","module":"DBInterface","timestamp":"2026-02-19T19:12:11.060Z"}
{"level":"info","message":"Executed query (SHOW COLUMNS IN players []) in 20.733ms'","module":"DBInterface","timestamp":"2026-02-19T19:12:11.081Z"}
{"level":"debug","message":"Database schema successfully validated","module":"boot","timestamp":"2026-02-19T19:12:11.081Z"}
{"level":"info","message":"New NPWD Player added through event (1) (RIHV51PG)","module":"player","timestamp":"2026-02-19T19:13:55.463Z"}
{"level":"debug","message":{"_firstname":"Hank","_identifier":"RIHV51PG","_lastname":"Jordan","_phoneNumber":"5191234846","source":1,"username":"ChillyOtter4664"},"module":"player","timestamp":"2026-02-19T19:13:55.463Z"}
{"level":"info","message":"New NPWD Player added through event (1) (RIHV51PG)","module":"player","timestamp":"2026-02-19T19:13:55.476Z"}
{"level":"debug","message":{"_firstname":"Hank","_identifier":"RIHV51PG","_lastname":"Jordan","_phoneNumber":"5191234846","source":1,"username":"ChillyOtter4664"},"module":"player","timestamp":"2026-02-19T19:13:55.476Z"}
{"level":"silly","message":"netPromise > npwd:fetchTweets > RequestObj","module":"events","timestamp":"2026-02-19T19:13:58.196Z"}
{"level":"silly","message":{"data":{"pageId":0},"source":1},"module":"events","timestamp":"2026-02-19T19:13:58.196Z"}
{"level":"info","message":"Executed query (\n        SELECT *\n        FROM npwd_twitter_profiles\n        WHERE identifier = ?\n        LIMIT 1\n\t\t [\"RIHV51PG\"]) in 56.9129ms'","module":"DBInterface","timestamp":"2026-02-19T19:13:58.253Z"}
{"level":"info","message":"Executed query (\n        SELECT \n  npwd_twitter_tweets.id,\n  npwd_twitter_tweets.identifier,\n  npwd_twitter_profiles.id AS profile_id,\n  npwd_twitter_profiles.profile_name,\n  npwd_twitter_profiles.avatar_url,\n  npwd_twitter_tweets.likes,\n  npwd_twitter_tweets.visible,\n  IFNULL(COALESCE(retweets.message, npwd_twitter_tweets.message), '') AS message,\n  IFNULL(COALESCE(retweets.images, npwd_twitter_tweets.images), '') AS images,\n  npwd_twitter_tweets.retweet IS NOT NULL AS isRetweet,\n  retweets.id AS retweetId,\n  retweets_profiles.profile_name AS retweetProfileName,\n  retweets_profiles.avatar_url AS retweetAvatarUrl,\n  npwd_twitter_likes.id IS NOT NULL AS isLiked,\n  npwd_twitter_reports.id IS NOT NULL AS isReported,\n  npwd_twitter_tweets.createdAt,\n  npwd_twitter_tweets.updatedAt,\n  TIME_TO_SEC(TIMEDIFF( NOW(), npwd_twitter_tweets.createdAt)) AS seconds_since_tweet\n\n        FROM npwd_twitter_tweets\n                 LEFT OUTER JOIN npwd_twitter_profiles\n                                 ON npwd_twitter_tweets.identifier = npwd_twitter_profiles.identifier\n                 LEFT OUTER JOIN npwd_twitter_likes ON npwd_twitter_tweets.id = npwd_twitter_likes.tweet_id AND\n                                                       npwd_twitter_likes.profile_id = ?\n                 LEFT OUTER JOIN npwd_twitter_reports ON npwd_twitter_tweets.id = npwd_twitter_reports.tweet_id AND\n                                                         npwd_twitter_reports.profile_id = ?\n                 LEFT OUTER JOIN npwd_twitter_tweets AS retweets ON retweets.id = npwd_twitter_tweets.retweet\n                 LEFT OUTER JOIN npwd_twitter_profiles AS retweets_profiles\n                                 ON retweets.identifier = retweets_profiles.identifier\n        WHERE npwd_twitter_tweets.visible = 1\n        ORDER BY id DESC\n        LIMIT ? OFFSET ?\n\t\t [1,1,\"25\",\"0\"]) in 21.8063ms'","module":"DBInterface","timestamp":"2026-02-19T19:13:58.275Z"}
{"level":"silly","message":"Response Promise Event npwd:fetchTweets:5bd6b710-0983-43d6-93a4-a09881ffc0cc (79.878ms), Data >>","module":"events","timestamp":"2026-02-19T19:13:58.276Z"}
{"level":"silly","message":{"data":[],"status":"ok"},"module":"events","timestamp":"2026-02-19T19:13:58.276Z"}
{"level":"silly","message":"netPromise > npwd:getOrCreateTwitterProfile > RequestObj","module":"events","timestamp":"2026-02-19T19:14:00.886Z"}
{"level":"silly","message":{"data":null,"source":1},"module":"events","timestamp":"2026-02-19T19:14:00.886Z"}
{"level":"info","message":"Executed query (\n        SELECT *\n        FROM npwd_twitter_profiles\n        WHERE identifier = ?\n        LIMIT 1\n\t\t [\"RIHV51PG\"]) in 2.6022ms'","module":"DBInterface","timestamp":"2026-02-19T19:14:00.889Z"}
{"level":"silly","message":"Response Promise Event npwd:getOrCreateTwitterProfile:17940acb-ae99-47c9-ae83-d1cf2b898246 (3.2491ms), Data >>","module":"events","timestamp":"2026-02-19T19:14:00.890Z"}
{"level":"silly","message":{"data":{"avatar_url":"https://i.fivemanage.com/images/3ClWwmpwkFhL.png","createdAt":"2026-02-19T17:35:38.000Z","id":1,"identifier":"RIHV51PG","profile_name":"Hank_Jordan","updatedAt":"2026-02-19T17:35:38.000Z"},"status":"ok"},"module":"events","timestamp":"2026-02-19T19:14:00.890Z"}
{"level":"silly","message":"netPromise > phone:getMyProfile > RequestObj","module":"events","timestamp":"2026-02-19T19:14:01.441Z"}
{"level":"silly","message":{"data":null,"source":1},"module":"events","timestamp":"2026-02-19T19:14:01.441Z"}
{"level":"silly","message":"netPromise > npwd:fetchMessageGroups > RequestObj","module":"events","timestamp":"2026-02-19T19:14:01.442Z"}
{"level":"silly","message":{"data":null,"source":1},"module":"events","timestamp":"2026-02-19T19:14:01.442Z"}
{"level":"info","message":"Executed query (\n        SELECT *,\n               UNIX_TIMESTAMP(updatedAt) AS lastActive\n        FROM npwd_match_profiles\n        WHERE identifier = ?\n        LIMIT 1\n\t\t [\"RIHV51PG\"]) in 7.2853ms'","module":"DBInterface","timestamp":"2026-02-19T19:14:01.449Z"}
{"level":"silly","message":"Response Promise Event phone:getMyProfile:d2d6ab45-1076-47e4-a14a-09e50ac31e50 (8.3587ms), Data >>","module":"events","timestamp":"2026-02-19T19:14:01.449Z"}
{"level":"info","message":"Executed query (SELECT npwd_messages_conversations.id,\n                          npwd_messages_conversations.conversation_list         as conversationList,\n                          npwd_messages_participants.unread_count               as unreadCount,\n                          npwd_messages_conversations.is_group_chat             as isGroupChat,\n                          npwd_messages_conversations.label,\n                          UNIX_TIMESTAMP(npwd_messages_conversations.updatedAt) as updatedAt,\n                          npwd_messages_participants.participant\n                   FROM npwd_messages_conversations\n                            INNER JOIN npwd_messages_participants\n                                       on npwd_messages_conversations.id = npwd_messages_participants.conversation_id\n                   WHERE npwd_messages_participants.participant = ? [\"5191234846\"]) in 8.8418ms'","module":"DBInterface","timestamp":"2026-02-19T19:14:01.451Z"}
{"level":"silly","message":{"data":{"bio":"","createdAt":"2026-02-19T17:35:38.000Z","id":1,"identifier":"RIHV51PG","image":"https://upload.wikimedia.org/wikipedia/commons/a/ac/No_image_available.svg","job":"","lastActive":1771522538,"lastActiveFormatted":"Thu, 19 Feb 2026 17:35:38 GMT","location":"","name":"Hank Jordan","tagList":[],"tags":"","updatedAt":"2026-02-19T17:35:38.000Z","viewed":false,"voiceMessage":null},"status":"ok"},"module":"events","timestamp":"2026-02-19T19:14:01.450Z"}
{"level":"silly","message":"Response Promise Event npwd:fetchMessageGroups:47a64d6c-466c-49eb-a938-037f329b59a8 (9.2689ms), Data >>","module":"events","timestamp":"2026-02-19T19:14:01.451Z"}
{"level":"silly","message":{"data":[],"status":"ok"},"module":"events","timestamp":"2026-02-19T19:14:01.451Z"}
{"level":"silly","message":"netPromise > npwd-contact-getAll > RequestObj","module":"events","timestamp":"2026-02-19T19:14:03.568Z"}
{"level":"silly","message":{"data":null,"source":1},"module":"events","timestamp":"2026-02-19T19:14:03.569Z"}
{"level":"info","message":"Executed query (SELECT * FROM npwd_phone_contacts WHERE identifier = ? ORDER BY display ASC [\"RIHV51PG\"]) in 6.2922ms'","module":"DBInterface","timestamp":"2026-02-19T19:14:03.576Z"}
{"level":"silly","message":"Response Promise Event npwd-contact-getAll:9ad2266e-3014-4570-95d2-97d6e601da03 (7.801ms), Data >>","module":"events","timestamp":"2026-02-19T19:14:03.576Z"}
{"level":"silly","message":{"data":[],"status":"ok"},"module":"events","timestamp":"2026-02-19T19:14:03.576Z"}
{"level":"info","message":"Executed query (SELECT id FROM npwd_marketplace_listings WHERE identifier = ? [\"RIHV51PG\"]) in 6.2015ms'","module":"DBInterface","timestamp":"2026-02-19T19:19:05.003Z"}
{"level":"info","message":"Executed query (DELETE FROM npwd_marketplace_listings WHERE identifier = ? AND reported = 0 [\"RIHV51PG\"]) in 0.672ms'","module":"DBInterface","timestamp":"2026-02-19T19:19:05.004Z"}
{"level":"info","message":"Unloaded NPWD Player, source: (1)","module":"player","timestamp":"2026-02-19T19:19:05.004Z"}
{"level":"debug","message":"Marketplace service started","module":"marketplace","timestamp":"2026-02-19T19:43:57.641Z"}
{"level":"debug","message":"Call service started","module":"calls","timestamp":"2026-02-19T19:43:57.650Z"}
{"level":"debug","message":"Player Service started","module":"player","timestamp":"2026-02-19T19:43:57.650Z"}
{"level":"info","message":"Loading QBX bridge....","timestamp":"2026-02-19T19:43:57.651Z"}
{"level":"info","message":"QBX bridge initialized","timestamp":"2026-02-19T19:43:57.651Z"}
{"level":"debug","message":"Boot service started","module":"boot","timestamp":"2026-02-19T19:43:57.651Z"}
{"level":"debug","message":"Messages service started","module":"messages","timestamp":"2026-02-19T19:43:57.652Z"}
{"level":"debug","message":"Notes service started","module":"notes","timestamp":"2026-02-19T19:43:57.652Z"}
{"level":"debug","message":"Contacts service started","module":"contact","timestamp":"2026-02-19T19:43:57.652Z"}
{"level":"debug","message":"Photo service started","module":"photo","timestamp":"2026-02-19T19:43:57.673Z"}
{"level":"debug","message":"Twitter service started","module":"twitter","timestamp":"2026-02-19T19:43:57.673Z"}
{"level":"debug","message":"Match service started","module":"match","timestamp":"2026-02-19T19:43:57.675Z"}
{"level":"debug","message":"Beginning database schema validation","module":"boot","timestamp":"2026-02-19T19:44:00.521Z"}
{"level":"info","message":"Successfully started","timestamp":"2026-02-19T19:44:00.565Z"}
{"level":"info","message":"Executed query (SELECT COUNT(*) as count\n                       FROM information_schema.tables\n                       WHERE table_schema = ?\n                         AND table_name = ? [\"Qbox_9745ED\",\"players\"]) in 201.2328ms'","module":"DBInterface","timestamp":"2026-02-19T19:44:00.722Z"}
{"level":"info","message":"Executed query (SHOW COLUMNS IN players []) in 26.5698ms'","module":"DBInterface","timestamp":"2026-02-19T19:44:00.749Z"}
{"level":"debug","message":"Database schema successfully validated","module":"boot","timestamp":"2026-02-19T19:44:00.749Z"}
{"level":"info","message":"New NPWD Player added through event (1) (RIHV51PG)","module":"player","timestamp":"2026-02-19T19:45:58.987Z"}
{"level":"debug","message":{"_firstname":"Hank","_identifier":"RIHV51PG","_lastname":"Jordan","_phoneNumber":"5191234846","source":1,"username":"ChillyOtter4664"},"module":"player","timestamp":"2026-02-19T19:45:58.987Z"}
{"level":"info","message":"New NPWD Player added through event (1) (RIHV51PG)","module":"player","timestamp":"2026-02-19T19:45:59.007Z"}
{"level":"debug","message":{"_firstname":"Hank","_identifier":"RIHV51PG","_lastname":"Jordan","_phoneNumber":"5191234846","source":1,"username":"ChillyOtter4664"},"module":"player","timestamp":"2026-02-19T19:45:59.007Z"}
{"level":"silly","message":"netPromise > npwd:fetchTweets > RequestObj","module":"events","timestamp":"2026-02-19T19:46:01.815Z"}
{"level":"silly","message":{"data":{"pageId":0},"source":1},"module":"events","timestamp":"2026-02-19T19:46:01.815Z"}
{"level":"info","message":"Executed query (\n        SELECT *\n        FROM npwd_twitter_profiles\n        WHERE identifier = ?\n        LIMIT 1\n\t\t [\"RIHV51PG\"]) in 86.9146ms'","module":"DBInterface","timestamp":"2026-02-19T19:46:01.902Z"}
{"level":"info","message":"Executed query (\n        SELECT \n  npwd_twitter_tweets.id,\n  npwd_twitter_tweets.identifier,\n  npwd_twitter_profiles.id AS profile_id,\n  npwd_twitter_profiles.profile_name,\n  npwd_twitter_profiles.avatar_url,\n  npwd_twitter_tweets.likes,\n  npwd_twitter_tweets.visible,\n  IFNULL(COALESCE(retweets.message, npwd_twitter_tweets.message), '') AS message,\n  IFNULL(COALESCE(retweets.images, npwd_twitter_tweets.images), '') AS images,\n  npwd_twitter_tweets.retweet IS NOT NULL AS isRetweet,\n  retweets.id AS retweetId,\n  retweets_profiles.profile_name AS retweetProfileName,\n  retweets_profiles.avatar_url AS retweetAvatarUrl,\n  npwd_twitter_likes.id IS NOT NULL AS isLiked,\n  npwd_twitter_reports.id IS NOT NULL AS isReported,\n  npwd_twitter_tweets.createdAt,\n  npwd_twitter_tweets.updatedAt,\n  TIME_TO_SEC(TIMEDIFF( NOW(), npwd_twitter_tweets.createdAt)) AS seconds_since_tweet\n\n        FROM npwd_twitter_tweets\n                 LEFT OUTER JOIN npwd_twitter_profiles\n                                 ON npwd_twitter_tweets.identifier = npwd_twitter_profiles.identifier\n                 LEFT OUTER JOIN npwd_twitter_likes ON npwd_twitter_tweets.id = npwd_twitter_likes.tweet_id AND\n                                                       npwd_twitter_likes.profile_id = ?\n                 LEFT OUTER JOIN npwd_twitter_reports ON npwd_twitter_tweets.id = npwd_twitter_reports.tweet_id AND\n                                                         npwd_twitter_reports.profile_id = ?\n                 LEFT OUTER JOIN npwd_twitter_tweets AS retweets ON retweets.id = npwd_twitter_tweets.retweet\n                 LEFT OUTER JOIN npwd_twitter_profiles AS retweets_profiles\n                                 ON retweets.identifier = retweets_profiles.identifier\n        WHERE npwd_twitter_tweets.visible = 1\n        ORDER BY id DESC\n        LIMIT ? OFFSET ?\n\t\t [1,1,\"25\",\"0\"]) in 20.5625ms'","module":"DBInterface","timestamp":"2026-02-19T19:46:01.923Z"}
{"level":"silly","message":"Response Promise Event npwd:fetchTweets:517a491a-80a1-4860-a192-23060b09e070 (108.537ms), Data >>","module":"events","timestamp":"2026-02-19T19:46:01.924Z"}
{"level":"silly","message":{"data":[],"status":"ok"},"module":"events","timestamp":"2026-02-19T19:46:01.924Z"}
{"level":"silly","message":"netPromise > npwd:getOrCreateTwitterProfile > RequestObj","module":"events","timestamp":"2026-02-19T19:46:04.530Z"}
{"level":"silly","message":{"data":null,"source":1},"module":"events","timestamp":"2026-02-19T19:46:04.531Z"}
{"level":"silly","message":"netPromise > phone:getMyProfile > RequestObj","module":"events","timestamp":"2026-02-19T19:46:04.531Z"}
{"level":"silly","message":{"data":null,"source":1},"module":"events","timestamp":"2026-02-19T19:46:04.531Z"}
{"level":"silly","message":"netPromise > npwd:fetchMessageGroups > RequestObj","module":"events","timestamp":"2026-02-19T19:46:04.532Z"}
{"level":"silly","message":{"data":null,"source":1},"module":"events","timestamp":"2026-02-19T19:46:04.532Z"}
{"level":"info","message":"Executed query (\n        SELECT *\n        FROM npwd_twitter_profiles\n        WHERE identifier = ?\n        LIMIT 1\n\t\t [\"RIHV51PG\"]) in 3.4122ms'","module":"DBInterface","timestamp":"2026-02-19T19:46:04.534Z"}
{"level":"silly","message":"Response Promise Event npwd:getOrCreateTwitterProfile:14313c63-4d7c-4d86-8f03-86aebe954125 (4.0805ms), Data >>","module":"events","timestamp":"2026-02-19T19:46:04.535Z"}
{"level":"silly","message":{"data":{"avatar_url":"https://i.fivemanage.com/images/3ClWwmpwkFhL.png","createdAt":"2026-02-19T17:35:38.000Z","id":1,"identifier":"RIHV51PG","profile_name":"Hank_Jordan","updatedAt":"2026-02-19T17:35:38.000Z"},"status":"ok"},"module":"events","timestamp":"2026-02-19T19:46:04.535Z"}
{"level":"info","message":"Executed query (\n        SELECT *,\n               UNIX_TIMESTAMP(updatedAt) AS lastActive\n        FROM npwd_match_profiles\n        WHERE identifier = ?\n        LIMIT 1\n\t\t [\"RIHV51PG\"]) in 48.5085ms'","module":"DBInterface","timestamp":"2026-02-19T19:46:04.580Z"}
{"level":"silly","message":"Response Promise Event phone:getMyProfile:342e5dd5-6cd9-4edd-b27a-912602cc1956 (49.4112ms), Data >>","module":"events","timestamp":"2026-02-19T19:46:04.581Z"}
{"level":"info","message":"Executed query (SELECT npwd_messages_conversations.id,\n                          npwd_messages_conversations.conversation_list         as conversationList,\n                          npwd_messages_participants.unread_count               as unreadCount,\n                          npwd_messages_conversations.is_group_chat             as isGroupChat,\n                          npwd_messages_conversations.label,\n                          UNIX_TIMESTAMP(npwd_messages_conversations.updatedAt) as updatedAt,\n                          npwd_messages_participants.participant\n                   FROM npwd_messages_conversations\n                            INNER JOIN npwd_messages_participants\n                                       on npwd_messages_conversations.id = npwd_messages_participants.conversation_id\n                   WHERE npwd_messages_participants.participant = ? [\"5191234846\"]) in 48.9318ms'","module":"DBInterface","timestamp":"2026-02-19T19:46:04.581Z"}
{"level":"silly","message":{"data":{"bio":"","createdAt":"2026-02-19T17:35:38.000Z","id":1,"identifier":"RIHV51PG","image":"https://upload.wikimedia.org/wikipedia/commons/a/ac/No_image_available.svg","job":"","lastActive":1771522538,"lastActiveFormatted":"Thu, 19 Feb 2026 17:35:38 GMT","location":"","name":"Hank Jordan","tagList":[],"tags":"","updatedAt":"2026-02-19T17:35:38.000Z","viewed":false,"voiceMessage":null},"status":"ok"},"module":"events","timestamp":"2026-02-19T19:46:04.581Z"}
{"level":"silly","message":"Response Promise Event npwd:fetchMessageGroups:08e9d1b7-e365-4e52-ad0f-e8e973950e2c (49.4593ms), Data >>","module":"events","timestamp":"2026-02-19T19:46:04.581Z"}
{"level":"silly","message":{"data":[],"status":"ok"},"module":"events","timestamp":"2026-02-19T19:46:04.582Z"}
{"level":"silly","message":"netPromise > npwd-contact-getAll > RequestObj","module":"events","timestamp":"2026-02-19T19:46:05.035Z"}
{"level":"silly","message":{"data":null,"source":1},"module":"events","timestamp":"2026-02-19T19:46:05.035Z"}
{"level":"info","message":"Executed query (SELECT * FROM npwd_phone_contacts WHERE identifier = ? ORDER BY display ASC [\"RIHV51PG\"]) in 11.2049ms'","module":"DBInterface","timestamp":"2026-02-19T19:46:05.046Z"}
{"level":"silly","message":"Response Promise Event npwd-contact-getAll:48448934-443f-4ef7-8b81-70e96c989f78 (11.7813ms), Data >>","module":"events","timestamp":"2026-02-19T19:46:05.047Z"}
{"level":"silly","message":{"data":[],"status":"ok"},"module":"events","timestamp":"2026-02-19T19:46:05.047Z"}
{"level":"info","message":"Executed query (SELECT id FROM npwd_marketplace_listings WHERE identifier = ? [\"RIHV51PG\"]) in 14.239ms'","module":"DBInterface","timestamp":"2026-02-19T19:46:59.046Z"}
{"level":"info","message":"Executed query (DELETE FROM npwd_marketplace_listings WHERE identifier = ? AND reported = 0 [\"RIHV51PG\"]) in 0.7182ms'","module":"DBInterface","timestamp":"2026-02-19T19:46:59.046Z"}
{"level":"info","message":"Unloaded NPWD Player, source: (1)","module":"player","timestamp":"2026-02-19T19:46:59.047Z"}
{"level":"debug","message":"Marketplace service started","module":"marketplace","timestamp":"2026-02-19T20:50:48.840Z"}
{"level":"debug","message":"Call service started","module":"calls","timestamp":"2026-02-19T20:50:48.849Z"}
{"level":"debug","message":"Player Service started","module":"player","timestamp":"2026-02-19T20:50:48.849Z"}
{"level":"info","message":"Loading QBX bridge....","timestamp":"2026-02-19T20:50:48.849Z"}
{"level":"info","message":"QBX bridge initialized","timestamp":"2026-02-19T20:50:48.849Z"}
{"level":"debug","message":"Boot service started","module":"boot","timestamp":"2026-02-19T20:50:48.850Z"}
{"level":"debug","message":"Messages service started","module":"messages","timestamp":"2026-02-19T20:50:48.850Z"}
{"level":"debug","message":"Notes service started","module":"notes","timestamp":"2026-02-19T20:50:48.850Z"}
{"level":"debug","message":"Contacts service started","module":"contact","timestamp":"2026-02-19T20:50:48.850Z"}
{"level":"debug","message":"Photo service started","module":"photo","timestamp":"2026-02-19T20:50:48.860Z"}
{"level":"debug","message":"Twitter service started","module":"twitter","timestamp":"2026-02-19T20:50:48.860Z"}
{"level":"debug","message":"Match service started","module":"match","timestamp":"2026-02-19T20:50:48.860Z"}
{"level":"debug","message":"Beginning database schema validation","module":"boot","timestamp":"2026-02-19T20:50:51.333Z"}
{"level":"info","message":"Successfully started","timestamp":"2026-02-19T20:50:51.380Z"}
{"level":"error","message":"Error executing (SELECT COUNT(*) as count\n                       FROM information_schema.tables\n                       WHERE table_schema = ?\n                         AND table_name = ? [\"Qbox_9745ED\",\"players\"]) with error message connect ECONNREFUSED 127.0.0.1:3306","module":"DBInterface","timestamp":"2026-02-19T20:50:51.499Z"}
{"level":"debug","message":"Marketplace service started","module":"marketplace","timestamp":"2026-02-19T20:52:04.130Z"}
{"level":"debug","message":"Call service started","module":"calls","timestamp":"2026-02-19T20:52:04.132Z"}
{"level":"debug","message":"Player Service started","module":"player","timestamp":"2026-02-19T20:52:04.132Z"}
{"level":"info","message":"Loading QBX bridge....","timestamp":"2026-02-19T20:52:04.132Z"}
{"level":"info","message":"QBX bridge initialized","timestamp":"2026-02-19T20:52:04.132Z"}
{"level":"debug","message":"Boot service started","module":"boot","timestamp":"2026-02-19T20:52:04.133Z"}
{"level":"debug","message":"Messages service started","module":"messages","timestamp":"2026-02-19T20:52:04.133Z"}
{"level":"debug","message":"Notes service started","module":"notes","timestamp":"2026-02-19T20:52:04.133Z"}
{"level":"debug","message":"Contacts service started","module":"contact","timestamp":"2026-02-19T20:52:04.133Z"}
{"level":"debug","message":"Photo service started","module":"photo","timestamp":"2026-02-19T20:52:04.144Z"}
{"level":"debug","message":"Twitter service started","module":"twitter","timestamp":"2026-02-19T20:52:04.144Z"}
{"level":"debug","message":"Match service started","module":"match","timestamp":"2026-02-19T20:52:04.145Z"}
{"level":"debug","message":"Beginning database schema validation","module":"boot","timestamp":"2026-02-19T20:52:05.835Z"}
{"level":"info","message":"Successfully started","timestamp":"2026-02-19T20:52:05.845Z"}
{"level":"info","message":"Executed query (SELECT COUNT(*) as count\n                       FROM information_schema.tables\n                       WHERE table_schema = ?\n                         AND table_name = ? [\"Qbox_9745ED\",\"players\"]) in 70.3238ms'","module":"DBInterface","timestamp":"2026-02-19T20:52:05.906Z"}
{"level":"info","message":"Executed query (SHOW COLUMNS IN players []) in 21.1428ms'","module":"DBInterface","timestamp":"2026-02-19T20:52:05.928Z"}
{"level":"debug","message":"Database schema successfully validated","module":"boot","timestamp":"2026-02-19T20:52:05.928Z"}
{"level":"debug","message":"1 failed to unload, likely was never loaded in the first place.","module":"player","timestamp":"2026-02-19T20:55:16.897Z"}
{"level":"debug","message":"Marketplace service started","module":"marketplace","timestamp":"2026-02-19T21:10:53.728Z"}
{"level":"debug","message":"Call service started","module":"calls","timestamp":"2026-02-19T21:10:53.734Z"}
{"level":"debug","message":"Player Service started","module":"player","timestamp":"2026-02-19T21:10:53.734Z"}
{"level":"info","message":"Loading QBX bridge....","timestamp":"2026-02-19T21:10:53.734Z"}
{"level":"info","message":"QBX bridge initialized","timestamp":"2026-02-19T21:10:53.734Z"}
{"level":"debug","message":"Boot service started","module":"boot","timestamp":"2026-02-19T21:10:53.735Z"}
{"level":"debug","message":"Messages service started","module":"messages","timestamp":"2026-02-19T21:10:53.735Z"}
{"level":"debug","message":"Notes service started","module":"notes","timestamp":"2026-02-19T21:10:53.735Z"}
{"level":"debug","message":"Contacts service started","module":"contact","timestamp":"2026-02-19T21:10:53.735Z"}
{"level":"debug","message":"Photo service started","module":"photo","timestamp":"2026-02-19T21:10:53.746Z"}
{"level":"debug","message":"Twitter service started","module":"twitter","timestamp":"2026-02-19T21:10:53.746Z"}
{"level":"debug","message":"Match service started","module":"match","timestamp":"2026-02-19T21:10:53.747Z"}
{"level":"debug","message":"Beginning database schema validation","module":"boot","timestamp":"2026-02-19T21:10:56.151Z"}
{"level":"info","message":"Successfully started","timestamp":"2026-02-19T21:10:56.202Z"}
{"level":"info","message":"Executed query (SELECT COUNT(*) as count\n                       FROM information_schema.tables\n                       WHERE table_schema = ?\n                         AND table_name = ? [\"Qbox_9745ED\",\"players\"]) in 187.482ms'","module":"DBInterface","timestamp":"2026-02-19T21:10:56.339Z"}
{"level":"info","message":"Executed query (SHOW COLUMNS IN players []) in 44.1446ms'","module":"DBInterface","timestamp":"2026-02-19T21:10:56.383Z"}
{"level":"debug","message":"Database schema successfully validated","module":"boot","timestamp":"2026-02-19T21:10:56.384Z"}
{"level":"info","message":"New NPWD Player added through event (1) (RIHV51PG)","module":"player","timestamp":"2026-02-19T21:14:35.729Z"}
{"level":"debug","message":{"_firstname":"Hank","_identifier":"RIHV51PG","_lastname":"Jordan","_phoneNumber":"5191234846","source":1,"username":"ChillyOtter4664"},"module":"player","timestamp":"2026-02-19T21:14:35.729Z"}
{"level":"info","message":"New NPWD Player added through event (1) (RIHV51PG)","module":"player","timestamp":"2026-02-19T21:14:35.737Z"}
{"level":"debug","message":{"_firstname":"Hank","_identifier":"RIHV51PG","_lastname":"Jordan","_phoneNumber":"5191234846","source":1,"username":"ChillyOtter4664"},"module":"player","timestamp":"2026-02-19T21:14:35.737Z"}
{"level":"silly","message":"netPromise > npwd:fetchTweets > RequestObj","module":"events","timestamp":"2026-02-19T21:14:38.479Z"}
{"level":"silly","message":{"data":{"pageId":0},"source":1},"module":"events","timestamp":"2026-02-19T21:14:38.480Z"}
{"level":"info","message":"Executed query (\n        SELECT *\n        FROM npwd_twitter_profiles\n        WHERE identifier = ?\n        LIMIT 1\n\t\t [\"RIHV51PG\"]) in 49.76ms'","module":"DBInterface","timestamp":"2026-02-19T21:14:38.530Z"}
{"level":"info","message":"Executed query (\n        SELECT \n  npwd_twitter_tweets.id,\n  npwd_twitter_tweets.identifier,\n  npwd_twitter_profiles.id AS profile_id,\n  npwd_twitter_profiles.profile_name,\n  npwd_twitter_profiles.avatar_url,\n  npwd_twitter_tweets.likes,\n  npwd_twitter_tweets.visible,\n  IFNULL(COALESCE(retweets.message, npwd_twitter_tweets.message), '') AS message,\n  IFNULL(COALESCE(retweets.images, npwd_twitter_tweets.images), '') AS images,\n  npwd_twitter_tweets.retweet IS NOT NULL AS isRetweet,\n  retweets.id AS retweetId,\n  retweets_profiles.profile_name AS retweetProfileName,\n  retweets_profiles.avatar_url AS retweetAvatarUrl,\n  npwd_twitter_likes.id IS NOT NULL AS isLiked,\n  npwd_twitter_reports.id IS NOT NULL AS isReported,\n  npwd_twitter_tweets.createdAt,\n  npwd_twitter_tweets.updatedAt,\n  TIME_TO_SEC(TIMEDIFF( NOW(), npwd_twitter_tweets.createdAt)) AS seconds_since_tweet\n\n        FROM npwd_twitter_tweets\n                 LEFT OUTER JOIN npwd_twitter_profiles\n                                 ON npwd_twitter_tweets.identifier = npwd_twitter_profiles.identifier\n                 LEFT OUTER JOIN npwd_twitter_likes ON npwd_twitter_tweets.id = npwd_twitter_likes.tweet_id AND\n                                                       npwd_twitter_likes.profile_id = ?\n                 LEFT OUTER JOIN npwd_twitter_reports ON npwd_twitter_tweets.id = npwd_twitter_reports.tweet_id AND\n                                                         npwd_twitter_reports.profile_id = ?\n                 LEFT OUTER JOIN npwd_twitter_tweets AS retweets ON retweets.id = npwd_twitter_tweets.retweet\n                 LEFT OUTER JOIN npwd_twitter_profiles AS retweets_profiles\n                                 ON retweets.identifier = retweets_profiles.identifier\n        WHERE npwd_twitter_tweets.visible = 1\n        ORDER BY id DESC\n        LIMIT ? OFFSET ?\n\t\t [1,1,\"25\",\"0\"]) in 20.9452ms'","module":"DBInterface","timestamp":"2026-02-19T21:14:38.551Z"}
{"level":"silly","message":"Response Promise Event npwd:fetchTweets:5fb8ad69-7690-4666-b82f-1cbb3b2e418c (72.2194ms), Data >>","module":"events","timestamp":"2026-02-19T21:14:38.563Z"}
{"level":"silly","message":{"data":[],"status":"ok"},"module":"events","timestamp":"2026-02-19T21:14:38.563Z"}
{"level":"silly","message":"netPromise > npwd:getOrCreateTwitterProfile > RequestObj","module":"events","timestamp":"2026-02-19T21:14:41.158Z"}
{"level":"silly","message":{"data":null,"source":1},"module":"events","timestamp":"2026-02-19T21:14:41.159Z"}
{"level":"silly","message":"netPromise > phone:getMyProfile > RequestObj","module":"events","timestamp":"2026-02-19T21:14:41.159Z"}
{"level":"silly","message":{"data":null,"source":1},"module":"events","timestamp":"2026-02-19T21:14:41.159Z"}
{"level":"silly","message":"netPromise > npwd:fetchMessageGroups > RequestObj","module":"events","timestamp":"2026-02-19T21:14:41.160Z"}
{"level":"silly","message":{"data":null,"source":1},"module":"events","timestamp":"2026-02-19T21:14:41.160Z"}
{"level":"silly","message":"netPromise > npwd-contact-getAll > RequestObj","module":"events","timestamp":"2026-02-19T21:14:41.161Z"}
{"level":"silly","message":{"data":null,"source":1},"module":"events","timestamp":"2026-02-19T21:14:41.161Z"}
{"level":"info","message":"Executed query (\n        SELECT *\n        FROM npwd_twitter_profiles\n        WHERE identifier = ?\n        LIMIT 1\n\t\t [\"RIHV51PG\"]) in 16.4824ms'","module":"DBInterface","timestamp":"2026-02-19T21:14:41.175Z"}
{"level":"silly","message":"Response Promise Event npwd:getOrCreateTwitterProfile:baab6786-3a44-448e-91db-4a7621afcc30 (17.0395ms), Data >>","module":"events","timestamp":"2026-02-19T21:14:41.176Z"}
{"level":"silly","message":{"data":{"avatar_url":"https://i.fivemanage.com/images/3ClWwmpwkFhL.png","createdAt":"2026-02-19T17:35:38.000Z","id":1,"identifier":"RIHV51PG","profile_name":"Hank_Jordan","updatedAt":"2026-02-19T17:35:38.000Z"},"status":"ok"},"module":"events","timestamp":"2026-02-19T21:14:41.176Z"}
{"level":"info","message":"Executed query (\n        SELECT *,\n               UNIX_TIMESTAMP(updatedAt) AS lastActive\n        FROM npwd_match_profiles\n        WHERE identifier = ?\n        LIMIT 1\n\t\t [\"RIHV51PG\"]) in 24.9534ms'","module":"DBInterface","timestamp":"2026-02-19T21:14:41.184Z"}
{"level":"silly","message":"Response Promise Event phone:getMyProfile:85a56f11-78b8-4e66-ba6a-e00a320b5aea (25.8754ms), Data >>","module":"events","timestamp":"2026-02-19T21:14:41.185Z"}
{"level":"info","message":"Executed query (SELECT * FROM npwd_phone_contacts WHERE identifier = ? ORDER BY display ASC [\"RIHV51PG\"]) in 24.2516ms'","module":"DBInterface","timestamp":"2026-02-19T21:14:41.185Z"}
{"level":"info","message":"Executed query (SELECT npwd_messages_conversations.id,\n                          npwd_messages_conversations.conversation_list         as conversationList,\n                          npwd_messages_participants.unread_count               as unreadCount,\n                          npwd_messages_conversations.is_group_chat             as isGroupChat,\n                          npwd_messages_conversations.label,\n                          UNIX_TIMESTAMP(npwd_messages_conversations.updatedAt) as updatedAt,\n                          npwd_messages_participants.participant\n                   FROM npwd_messages_conversations\n                            INNER JOIN npwd_messages_participants\n                                       on npwd_messages_conversations.id = npwd_messages_participants.conversation_id\n                   WHERE npwd_messages_participants.participant = ? [\"5191234846\"]) in 25.7223ms'","module":"DBInterface","timestamp":"2026-02-19T21:14:41.186Z"}
{"level":"silly","message":{"data":{"bio":"","createdAt":"2026-02-19T17:35:38.000Z","id":1,"identifier":"RIHV51PG","image":"https://upload.wikimedia.org/wikipedia/commons/a/ac/No_image_available.svg","job":"","lastActive":1771522538,"lastActiveFormatted":"Thu, 19 Feb 2026 17:35:38 GMT","location":"","name":"Hank Jordan","tagList":[],"tags":"","updatedAt":"2026-02-19T17:35:38.000Z","viewed":false,"voiceMessage":null},"status":"ok"},"module":"events","timestamp":"2026-02-19T21:14:41.185Z"}
{"level":"silly","message":"Response Promise Event npwd-contact-getAll:991c90ae-308d-43c4-9478-68591101fe8f (24.6642ms), Data >>","module":"events","timestamp":"2026-02-19T21:14:41.186Z"}
{"level":"silly","message":{"data":[],"status":"ok"},"module":"events","timestamp":"2026-02-19T21:14:41.186Z"}
{"level":"silly","message":"Response Promise Event npwd:fetchMessageGroups:2777df31-e87d-49de-9c78-6bac440a1c82 (26.2335ms), Data >>","module":"events","timestamp":"2026-02-19T21:14:41.187Z"}
{"level":"silly","message":{"data":[],"status":"ok"},"module":"events","timestamp":"2026-02-19T21:14:41.187Z"}
{"level":"error","message":"Error executing (SELECT id FROM npwd_marketplace_listings WHERE identifier = ? [\"RIHV51PG\"]) with error message connect ECONNREFUSED 127.0.0.1:3306","module":"DBInterface","timestamp":"2026-02-19T21:20:58.442Z"}
{"level":"error","message":"Error when deleting listings on player drop, (intermediate value) is not iterable","module":"marketplace","timestamp":"2026-02-19T21:20:58.443Z"}
{"level":"info","message":"Unloaded NPWD Player, source: (1)","module":"player","timestamp":"2026-02-19T21:20:58.443Z"}
{"level":"debug","message":"Marketplace service started","module":"marketplace","timestamp":"2026-02-19T23:17:02.531Z"}
{"level":"debug","message":"Call service started","module":"calls","timestamp":"2026-02-19T23:17:02.541Z"}
{"level":"debug","message":"Player Service started","module":"player","timestamp":"2026-02-19T23:17:02.541Z"}
{"level":"info","message":"Loading QBX bridge....","timestamp":"2026-02-19T23:17:02.541Z"}
{"level":"info","message":"QBX bridge initialized","timestamp":"2026-02-19T23:17:02.541Z"}
{"level":"debug","message":"Boot service started","module":"boot","timestamp":"2026-02-19T23:17:02.542Z"}
{"level":"debug","message":"Messages service started","module":"messages","timestamp":"2026-02-19T23:17:02.542Z"}
{"level":"debug","message":"Notes service started","module":"notes","timestamp":"2026-02-19T23:17:02.542Z"}
{"level":"debug","message":"Contacts service started","module":"contact","timestamp":"2026-02-19T23:17:02.542Z"}
{"level":"debug","message":"Photo service started","module":"photo","timestamp":"2026-02-19T23:17:02.552Z"}
{"level":"debug","message":"Twitter service started","module":"twitter","timestamp":"2026-02-19T23:17:02.552Z"}
{"level":"debug","message":"Match service started","module":"match","timestamp":"2026-02-19T23:17:02.553Z"}
{"level":"debug","message":"Beginning database schema validation","module":"boot","timestamp":"2026-02-19T23:17:05.163Z"}
{"level":"info","message":"Successfully started","timestamp":"2026-02-19T23:17:05.204Z"}
{"level":"info","message":"Executed query (SELECT COUNT(*) as count\n                       FROM information_schema.tables\n                       WHERE table_schema = ?\n                         AND table_name = ? [\"Qbox_9745ED\",\"players\"]) in 165.7255ms'","module":"DBInterface","timestamp":"2026-02-19T23:17:05.330Z"}
{"level":"info","message":"Executed query (SHOW COLUMNS IN players []) in 44.5465ms'","module":"DBInterface","timestamp":"2026-02-19T23:17:05.375Z"}
{"level":"debug","message":"Database schema successfully validated","module":"boot","timestamp":"2026-02-19T23:17:05.375Z"}
{"level":"info","message":"New NPWD Player added through event (1) (RIHV51PG)","module":"player","timestamp":"2026-02-19T23:19:13.399Z"}
{"level":"debug","message":{"_firstname":"Hank","_identifier":"RIHV51PG","_lastname":"Jordan","_phoneNumber":"5191234846","source":1,"username":"ChillyOtter4664"},"module":"player","timestamp":"2026-02-19T23:19:13.399Z"}
{"level":"info","message":"New NPWD Player added through event (1) (RIHV51PG)","module":"player","timestamp":"2026-02-19T23:19:13.406Z"}
{"level":"debug","message":{"_firstname":"Hank","_identifier":"RIHV51PG","_lastname":"Jordan","_phoneNumber":"5191234846","source":1,"username":"ChillyOtter4664"},"module":"player","timestamp":"2026-02-19T23:19:13.406Z"}
{"level":"silly","message":"netPromise > npwd:fetchTweets > RequestObj","module":"events","timestamp":"2026-02-19T23:19:13.499Z"}
{"level":"silly","message":{"data":{"pageId":0},"source":1},"module":"events","timestamp":"2026-02-19T23:19:13.499Z"}
{"level":"info","message":"Executed query (\n        SELECT *\n        FROM npwd_twitter_profiles\n        WHERE identifier = ?\n        LIMIT 1\n\t\t [\"RIHV51PG\"]) in 8.5861ms'","module":"DBInterface","timestamp":"2026-02-19T23:19:13.508Z"}
{"level":"info","message":"Executed query (\n        SELECT \n  npwd_twitter_tweets.id,\n  npwd_twitter_tweets.identifier,\n  npwd_twitter_profiles.id AS profile_id,\n  npwd_twitter_profiles.profile_name,\n  npwd_twitter_profiles.avatar_url,\n  npwd_twitter_tweets.likes,\n  npwd_twitter_tweets.visible,\n  IFNULL(COALESCE(retweets.message, npwd_twitter_tweets.message), '') AS message,\n  IFNULL(COALESCE(retweets.images, npwd_twitter_tweets.images), '') AS images,\n  npwd_twitter_tweets.retweet IS NOT NULL AS isRetweet,\n  retweets.id AS retweetId,\n  retweets_profiles.profile_name AS retweetProfileName,\n  retweets_profiles.avatar_url AS retweetAvatarUrl,\n  npwd_twitter_likes.id IS NOT NULL AS isLiked,\n  npwd_twitter_reports.id IS NOT NULL AS isReported,\n  npwd_twitter_tweets.createdAt,\n  npwd_twitter_tweets.updatedAt,\n  TIME_TO_SEC(TIMEDIFF( NOW(), npwd_twitter_tweets.createdAt)) AS seconds_since_tweet\n\n        FROM npwd_twitter_tweets\n                 LEFT OUTER JOIN npwd_twitter_profiles\n                                 ON npwd_twitter_tweets.identifier = npwd_twitter_profiles.identifier\n                 LEFT OUTER JOIN npwd_twitter_likes ON npwd_twitter_tweets.id = npwd_twitter_likes.tweet_id AND\n                                                       npwd_twitter_likes.profile_id = ?\n                 LEFT OUTER JOIN npwd_twitter_reports ON npwd_twitter_tweets.id = npwd_twitter_reports.tweet_id AND\n                                                         npwd_twitter_reports.profile_id = ?\n                 LEFT OUTER JOIN npwd_twitter_tweets AS retweets ON retweets.id = npwd_twitter_tweets.retweet\n                 LEFT OUTER JOIN npwd_twitter_profiles AS retweets_profiles\n                                 ON retweets.identifier = retweets_profiles.identifier\n        WHERE npwd_twitter_tweets.visible = 1\n        ORDER BY id DESC\n        LIMIT ? OFFSET ?\n\t\t [1,1,\"25\",\"0\"]) in 20.3457ms'","module":"DBInterface","timestamp":"2026-02-19T23:19:13.528Z"}
{"level":"silly","message":"Response Promise Event npwd:fetchTweets:24c01c75-1042-4df2-b58d-98f3cdddc29a (30.1057ms), Data >>","module":"events","timestamp":"2026-02-19T23:19:13.529Z"}
{"level":"silly","message":{"data":[],"status":"ok"},"module":"events","timestamp":"2026-02-19T23:19:13.529Z"}
{"level":"silly","message":"netPromise > npwd:getOrCreateTwitterProfile > RequestObj","module":"events","timestamp":"2026-02-19T23:19:16.228Z"}
{"level":"silly","message":{"data":null,"source":1},"module":"events","timestamp":"2026-02-19T23:19:16.228Z"}
{"level":"silly","message":"netPromise > phone:getMyProfile > RequestObj","module":"events","timestamp":"2026-02-19T23:19:16.229Z"}
{"level":"silly","message":{"data":null,"source":1},"module":"events","timestamp":"2026-02-19T23:19:16.229Z"}
{"level":"silly","message":"netPromise > npwd:fetchMessageGroups > RequestObj","module":"events","timestamp":"2026-02-19T23:19:16.230Z"}
{"level":"silly","message":{"data":null,"source":1},"module":"events","timestamp":"2026-02-19T23:19:16.230Z"}
{"level":"info","message":"Executed query (\n        SELECT *\n        FROM npwd_twitter_profiles\n        WHERE identifier = ?\n        LIMIT 1\n\t\t [\"RIHV51PG\"]) in 4.3579ms'","module":"DBInterface","timestamp":"2026-02-19T23:19:16.233Z"}
{"level":"silly","message":"Response Promise Event npwd:getOrCreateTwitterProfile:90f965bc-4b70-4689-bed1-cf3e650c109d (5.531ms), Data >>","module":"events","timestamp":"2026-02-19T23:19:16.234Z"}
{"level":"silly","message":{"data":{"avatar_url":"https://i.fivemanage.com/images/3ClWwmpwkFhL.png","createdAt":"2026-02-19T17:35:38.000Z","id":1,"identifier":"RIHV51PG","profile_name":"Hank_Jordan","updatedAt":"2026-02-19T17:35:38.000Z"},"status":"ok"},"module":"events","timestamp":"2026-02-19T23:19:16.234Z"}
{"level":"info","message":"Executed query (\n        SELECT *,\n               UNIX_TIMESTAMP(updatedAt) AS lastActive\n        FROM npwd_match_profiles\n        WHERE identifier = ?\n        LIMIT 1\n\t\t [\"RIHV51PG\"]) in 12.2791ms'","module":"DBInterface","timestamp":"2026-02-19T23:19:16.242Z"}
{"level":"silly","message":"Response Promise Event phone:getMyProfile:94a8aac9-f9ad-42ee-83f9-30214de4f2e3 (13.2626ms), Data >>","module":"events","timestamp":"2026-02-19T23:19:16.243Z"}
{"level":"info","message":"Executed query (SELECT npwd_messages_conversations.id,\n                          npwd_messages_conversations.conversation_list         as conversationList,\n                          npwd_messages_participants.unread_count               as unreadCount,\n                          npwd_messages_conversations.is_group_chat             as isGroupChat,\n                          npwd_messages_conversations.label,\n                          UNIX_TIMESTAMP(npwd_messages_conversations.updatedAt) as updatedAt,\n                          npwd_messages_participants.participant\n                   FROM npwd_messages_conversations\n                            INNER JOIN npwd_messages_participants\n                                       on npwd_messages_conversations.id = npwd_messages_participants.conversation_id\n                   WHERE npwd_messages_participants.participant = ? [\"5191234846\"]) in 12.6838ms'","module":"DBInterface","timestamp":"2026-02-19T23:19:16.243Z"}
{"level":"silly","message":{"data":{"bio":"","createdAt":"2026-02-19T17:35:38.000Z","id":1,"identifier":"RIHV51PG","image":"https://upload.wikimedia.org/wikipedia/commons/a/ac/No_image_available.svg","job":"","lastActive":1771522538,"lastActiveFormatted":"Thu, 19 Feb 2026 17:35:38 GMT","location":"","name":"Hank Jordan","tagList":[],"tags":"","updatedAt":"2026-02-19T17:35:38.000Z","viewed":false,"voiceMessage":null},"status":"ok"},"module":"events","timestamp":"2026-02-19T23:19:16.243Z"}
{"level":"silly","message":"Response Promise Event npwd:fetchMessageGroups:94ec75a9-1fa2-40b8-a215-bbe0962b371b (13.2449ms), Data >>","module":"events","timestamp":"2026-02-19T23:19:16.243Z"}
{"level":"silly","message":{"data":[],"status":"ok"},"module":"events","timestamp":"2026-02-19T23:19:16.244Z"}
{"level":"silly","message":"netPromise > npwd-contact-getAll > RequestObj","module":"events","timestamp":"2026-02-19T23:19:16.279Z"}
{"level":"silly","message":{"data":null,"source":1},"module":"events","timestamp":"2026-02-19T23:19:16.279Z"}
{"level":"info","message":"Executed query (SELECT * FROM npwd_phone_contacts WHERE identifier = ? ORDER BY display ASC [\"RIHV51PG\"]) in 3.1854ms'","module":"DBInterface","timestamp":"2026-02-19T23:19:16.283Z"}
{"level":"silly","message":"Response Promise Event npwd-contact-getAll:faefc36a-e122-4eca-aadd-29ae8ed17204 (3.7687ms), Data >>","module":"events","timestamp":"2026-02-19T23:19:16.283Z"}
{"level":"silly","message":{"data":[],"status":"ok"},"module":"events","timestamp":"2026-02-19T23:19:16.283Z"}
{"level":"info","message":"Executed query (SELECT id FROM npwd_marketplace_listings WHERE identifier = ? [\"RIHV51PG\"]) in 4.4489ms'","module":"DBInterface","timestamp":"2026-02-19T23:21:06.219Z"}
{"level":"info","message":"Executed query (DELETE FROM npwd_marketplace_listings WHERE identifier = ? AND reported = 0 [\"RIHV51PG\"]) in 1.3295ms'","module":"DBInterface","timestamp":"2026-02-19T23:21:06.220Z"}
{"level":"info","message":"Unloaded NPWD Player, source: (1)","module":"player","timestamp":"2026-02-19T23:21:06.221Z"}
{"level":"info","message":"New NPWD Player added through event (2) (RIHV51PG)","module":"player","timestamp":"2026-02-19T23:22:26.089Z"}
{"level":"debug","message":{"_firstname":"Hank","_identifier":"RIHV51PG","_lastname":"Jordan","_phoneNumber":"5191234846","source":2,"username":"ChillyOtter4664"},"module":"player","timestamp":"2026-02-19T23:22:26.090Z"}
{"level":"info","message":"New NPWD Player added through event (2) (RIHV51PG)","module":"player","timestamp":"2026-02-19T23:22:26.092Z"}
{"level":"debug","message":{"_firstname":"Hank","_identifier":"RIHV51PG","_lastname":"Jordan","_phoneNumber":"5191234846","source":2,"username":"ChillyOtter4664"},"module":"player","timestamp":"2026-02-19T23:22:26.092Z"}
{"level":"silly","message":"netPromise > npwd:fetchTweets > RequestObj","module":"events","timestamp":"2026-02-19T23:22:26.140Z"}
{"level":"silly","message":{"data":{"pageId":0},"source":2},"module":"events","timestamp":"2026-02-19T23:22:26.140Z"}
{"level":"info","message":"Executed query (\n        SELECT *\n        FROM npwd_twitter_profiles\n        WHERE identifier = ?\n        LIMIT 1\n\t\t [\"RIHV51PG\"]) in 2.2411ms'","module":"DBInterface","timestamp":"2026-02-19T23:22:26.143Z"}
{"level":"info","message":"Executed query (\n        SELECT \n  npwd_twitter_tweets.id,\n  npwd_twitter_tweets.identifier,\n  npwd_twitter_profiles.id AS profile_id,\n  npwd_twitter_profiles.profile_name,\n  npwd_twitter_profiles.avatar_url,\n  npwd_twitter_tweets.likes,\n  npwd_twitter_tweets.visible,\n  IFNULL(COALESCE(retweets.message, npwd_twitter_tweets.message), '') AS message,\n  IFNULL(COALESCE(retweets.images, npwd_twitter_tweets.images), '') AS images,\n  npwd_twitter_tweets.retweet IS NOT NULL AS isRetweet,\n  retweets.id AS retweetId,\n  retweets_profiles.profile_name AS retweetProfileName,\n  retweets_profiles.avatar_url AS retweetAvatarUrl,\n  npwd_twitter_likes.id IS NOT NULL AS isLiked,\n  npwd_twitter_reports.id IS NOT NULL AS isReported,\n  npwd_twitter_tweets.createdAt,\n  npwd_twitter_tweets.updatedAt,\n  TIME_TO_SEC(TIMEDIFF( NOW(), npwd_twitter_tweets.createdAt)) AS seconds_since_tweet\n\n        FROM npwd_twitter_tweets\n                 LEFT OUTER JOIN npwd_twitter_profiles\n                                 ON npwd_twitter_tweets.identifier = npwd_twitter_profiles.identifier\n                 LEFT OUTER JOIN npwd_twitter_likes ON npwd_twitter_tweets.id = npwd_twitter_likes.tweet_id AND\n                                                       npwd_twitter_likes.profile_id = ?\n                 LEFT OUTER JOIN npwd_twitter_reports ON npwd_twitter_tweets.id = npwd_twitter_reports.tweet_id AND\n                                                         npwd_twitter_reports.profile_id = ?\n                 LEFT OUTER JOIN npwd_twitter_tweets AS retweets ON retweets.id = npwd_twitter_tweets.retweet\n                 LEFT OUTER JOIN npwd_twitter_profiles AS retweets_profiles\n                                 ON retweets.identifier = retweets_profiles.identifier\n        WHERE npwd_twitter_tweets.visible = 1\n        ORDER BY id DESC\n        LIMIT ? OFFSET ?\n\t\t [1,1,\"25\",\"0\"]) in 13.2646ms'","module":"DBInterface","timestamp":"2026-02-19T23:22:26.156Z"}
{"level":"silly","message":"Response Promise Event npwd:fetchTweets:359329a3-b93d-4fe1-a878-7cc6f39b63b2 (16.1259ms), Data >>","module":"events","timestamp":"2026-02-19T23:22:26.156Z"}
{"level":"silly","message":{"data":[],"status":"ok"},"module":"events","timestamp":"2026-02-19T23:22:26.156Z"}
{"level":"silly","message":"netPromise > npwd:getOrCreateTwitterProfile > RequestObj","module":"events","timestamp":"2026-02-19T23:22:26.240Z"}
{"level":"silly","message":{"data":null,"source":2},"module":"events","timestamp":"2026-02-19T23:22:26.240Z"}
{"level":"silly","message":"netPromise > phone:getMyProfile > RequestObj","module":"events","timestamp":"2026-02-19T23:22:26.240Z"}
{"level":"silly","message":{"data":null,"source":2},"module":"events","timestamp":"2026-02-19T23:22:26.240Z"}
{"level":"silly","message":"netPromise > npwd:fetchMessageGroups > RequestObj","module":"events","timestamp":"2026-02-19T23:22:26.241Z"}
{"level":"silly","message":{"data":null,"source":2},"module":"events","timestamp":"2026-02-19T23:22:26.241Z"}
{"level":"silly","message":"netPromise > npwd-contact-getAll > RequestObj","module":"events","timestamp":"2026-02-19T23:22:26.241Z"}
{"level":"silly","message":{"data":null,"source":2},"module":"events","timestamp":"2026-02-19T23:22:26.241Z"}
{"level":"info","message":"Executed query (\n        SELECT *\n        FROM npwd_twitter_profiles\n        WHERE identifier = ?\n        LIMIT 1\n\t\t [\"RIHV51PG\"]) in 2.4705ms'","module":"DBInterface","timestamp":"2026-02-19T23:22:26.243Z"}
{"level":"silly","message":"Response Promise Event npwd:getOrCreateTwitterProfile:ebd8bc3f-ffd1-44a9-9ca3-28227aaff814 (2.9061ms), Data >>","module":"events","timestamp":"2026-02-19T23:22:26.243Z"}
{"level":"silly","message":{"data":{"avatar_url":"https://i.fivemanage.com/images/3ClWwmpwkFhL.png","createdAt":"2026-02-19T17:35:38.000Z","id":1,"identifier":"RIHV51PG","profile_name":"Hank_Jordan","updatedAt":"2026-02-19T17:35:38.000Z"},"status":"ok"},"module":"events","timestamp":"2026-02-19T23:22:26.243Z"}
{"level":"info","message":"Executed query (\n        SELECT *,\n               UNIX_TIMESTAMP(updatedAt) AS lastActive\n        FROM npwd_match_profiles\n        WHERE identifier = ?\n        LIMIT 1\n\t\t [\"RIHV51PG\"]) in 3.2273ms'","module":"DBInterface","timestamp":"2026-02-19T23:22:26.244Z"}
{"level":"silly","message":"Response Promise Event phone:getMyProfile:6aa619b4-5dd3-434c-9102-d58c36875803 (3.5625ms), Data >>","module":"events","timestamp":"2026-02-19T23:22:26.244Z"}
{"level":"silly","message":{"data":{"bio":"","createdAt":"2026-02-19T17:35:38.000Z","id":1,"identifier":"RIHV51PG","image":"https://upload.wikimedia.org/wikipedia/commons/a/ac/No_image_available.svg","job":"","lastActive":1771522538,"lastActiveFormatted":"Thu, 19 Feb 2026 17:35:38 GMT","location":"","name":"Hank Jordan","tagList":[],"tags":"","updatedAt":"2026-02-19T17:35:38.000Z","viewed":false,"voiceMessage":null},"status":"ok"},"module":"events","timestamp":"2026-02-19T23:22:26.244Z"}
{"level":"info","message":"Executed query (SELECT npwd_messages_conversations.id,\n                          npwd_messages_conversations.conversation_list         as conversationList,\n                          npwd_messages_participants.unread_count               as unreadCount,\n                          npwd_messages_conversations.is_group_chat             as isGroupChat,\n                          npwd_messages_conversations.label,\n                          UNIX_TIMESTAMP(npwd_messages_conversations.updatedAt) as updatedAt,\n                          npwd_messages_participants.participant\n                   FROM npwd_messages_conversations\n                            INNER JOIN npwd_messages_participants\n                                       on npwd_messages_conversations.id = npwd_messages_participants.conversation_id\n                   WHERE npwd_messages_participants.participant = ? [\"5191234846\"]) in 4.0224ms'","module":"DBInterface","timestamp":"2026-02-19T23:22:26.245Z"}
{"level":"silly","message":"Response Promise Event npwd:fetchMessageGroups:4ffb5796-d527-4535-9e36-5ad9f83097f4 (4.2864ms), Data >>","module":"events","timestamp":"2026-02-19T23:22:26.245Z"}
{"level":"silly","message":{"data":[],"status":"ok"},"module":"events","timestamp":"2026-02-19T23:22:26.245Z"}
{"level":"info","message":"Executed query (SELECT * FROM npwd_phone_contacts WHERE identifier = ? ORDER BY display ASC [\"RIHV51PG\"]) in 5.5695ms'","module":"DBInterface","timestamp":"2026-02-19T23:22:26.247Z"}
{"level":"silly","message":"Response Promise Event npwd-contact-getAll:c9ea6378-f7e8-45f0-8a07-28912fac4eed (5.858ms), Data >>","module":"events","timestamp":"2026-02-19T23:22:26.247Z"}
{"level":"silly","message":{"data":[],"status":"ok"},"module":"events","timestamp":"2026-02-19T23:22:26.247Z"}
{"level":"info","message":"Executed query (SELECT id FROM npwd_marketplace_listings WHERE identifier = ? [\"RIHV51PG\"]) in 3.1816ms'","module":"DBInterface","timestamp":"2026-02-19T23:28:53.155Z"}
{"level":"info","message":"Executed query (DELETE FROM npwd_marketplace_listings WHERE identifier = ? AND reported = 0 [\"RIHV51PG\"]) in 0.6575ms'","module":"DBInterface","timestamp":"2026-02-19T23:28:53.156Z"}
{"level":"info","message":"Unloaded NPWD Player, source: (2)","module":"player","timestamp":"2026-02-19T23:28:53.156Z"}
{"level":"info","message":"New NPWD Player added through event (3) (RIHV51PG)","module":"player","timestamp":"2026-02-19T23:29:55.371Z"}
{"level":"debug","message":{"_firstname":"Hank","_identifier":"RIHV51PG","_lastname":"Jordan","_phoneNumber":"5191234846","source":3,"username":"ChillyOtter4664"},"module":"player","timestamp":"2026-02-19T23:29:55.371Z"}
{"level":"info","message":"New NPWD Player added through event (3) (RIHV51PG)","module":"player","timestamp":"2026-02-19T23:29:55.375Z"}
{"level":"debug","message":{"_firstname":"Hank","_identifier":"RIHV51PG","_lastname":"Jordan","_phoneNumber":"5191234846","source":3,"username":"ChillyOtter4664"},"module":"player","timestamp":"2026-02-19T23:29:55.375Z"}
{"level":"silly","message":"netPromise > npwd:fetchTweets > RequestObj","module":"events","timestamp":"2026-02-19T23:29:55.472Z"}
{"level":"silly","message":{"data":{"pageId":0},"source":3},"module":"events","timestamp":"2026-02-19T23:29:55.472Z"}
{"level":"info","message":"Executed query (\n        SELECT *\n        FROM npwd_twitter_profiles\n        WHERE identifier = ?\n        LIMIT 1\n\t\t [\"RIHV51PG\"]) in 37.4754ms'","module":"DBInterface","timestamp":"2026-02-19T23:29:55.510Z"}
{"level":"info","message":"Executed query (\n        SELECT \n  npwd_twitter_tweets.id,\n  npwd_twitter_tweets.identifier,\n  npwd_twitter_profiles.id AS profile_id,\n  npwd_twitter_profiles.profile_name,\n  npwd_twitter_profiles.avatar_url,\n  npwd_twitter_tweets.likes,\n  npwd_twitter_tweets.visible,\n  IFNULL(COALESCE(retweets.message, npwd_twitter_tweets.message), '') AS message,\n  IFNULL(COALESCE(retweets.images, npwd_twitter_tweets.images), '') AS images,\n  npwd_twitter_tweets.retweet IS NOT NULL AS isRetweet,\n  retweets.id AS retweetId,\n  retweets_profiles.profile_name AS retweetProfileName,\n  retweets_profiles.avatar_url AS retweetAvatarUrl,\n  npwd_twitter_likes.id IS NOT NULL AS isLiked,\n  npwd_twitter_reports.id IS NOT NULL AS isReported,\n  npwd_twitter_tweets.createdAt,\n  npwd_twitter_tweets.updatedAt,\n  TIME_TO_SEC(TIMEDIFF( NOW(), npwd_twitter_tweets.createdAt)) AS seconds_since_tweet\n\n        FROM npwd_twitter_tweets\n                 LEFT OUTER JOIN npwd_twitter_profiles\n                                 ON npwd_twitter_tweets.identifier = npwd_twitter_profiles.identifier\n                 LEFT OUTER JOIN npwd_twitter_likes ON npwd_twitter_tweets.id = npwd_twitter_likes.tweet_id AND\n                                                       npwd_twitter_likes.profile_id = ?\n                 LEFT OUTER JOIN npwd_twitter_reports ON npwd_twitter_tweets.id = npwd_twitter_reports.tweet_id AND\n                                                         npwd_twitter_reports.profile_id = ?\n                 LEFT OUTER JOIN npwd_twitter_tweets AS retweets ON retweets.id = npwd_twitter_tweets.retweet\n                 LEFT OUTER JOIN npwd_twitter_profiles AS retweets_profiles\n                                 ON retweets.identifier = retweets_profiles.identifier\n        WHERE npwd_twitter_tweets.visible = 1\n        ORDER BY id DESC\n        LIMIT ? OFFSET ?\n\t\t [1,1,\"25\",\"0\"]) in 21.5973ms'","module":"DBInterface","timestamp":"2026-02-19T23:29:55.532Z"}
{"level":"silly","message":"Response Promise Event npwd:fetchTweets:af785ae1-1bfc-4f5d-9cf0-3b3514faa625 (59.7776ms), Data >>","module":"events","timestamp":"2026-02-19T23:29:55.532Z"}
{"level":"silly","message":{"data":[],"status":"ok"},"module":"events","timestamp":"2026-02-19T23:29:55.532Z"}
{"level":"silly","message":"netPromise > npwd:getOrCreateTwitterProfile > RequestObj","module":"events","timestamp":"2026-02-19T23:29:58.302Z"}
{"level":"silly","message":{"data":null,"source":3},"module":"events","timestamp":"2026-02-19T23:29:58.302Z"}
{"level":"info","message":"Executed query (\n        SELECT *\n        FROM npwd_twitter_profiles\n        WHERE identifier = ?\n        LIMIT 1\n\t\t [\"RIHV51PG\"]) in 0.9005ms'","module":"DBInterface","timestamp":"2026-02-19T23:29:58.303Z"}
{"level":"silly","message":"Response Promise Event npwd:getOrCreateTwitterProfile:6ebe5ff1-bc2c-4071-ae4c-074c614ec461 (1.3696ms), Data >>","module":"events","timestamp":"2026-02-19T23:29:58.303Z"}
{"level":"silly","message":{"data":{"avatar_url":"https://i.fivemanage.com/images/3ClWwmpwkFhL.png","createdAt":"2026-02-19T17:35:38.000Z","id":1,"identifier":"RIHV51PG","profile_name":"Hank_Jordan","updatedAt":"2026-02-19T17:35:38.000Z"},"status":"ok"},"module":"events","timestamp":"2026-02-19T23:29:58.303Z"}
{"level":"silly","message":"netPromise > phone:getMyProfile > RequestObj","module":"events","timestamp":"2026-02-19T23:29:58.353Z"}
{"level":"silly","message":{"data":null,"source":3},"module":"events","timestamp":"2026-02-19T23:29:58.353Z"}
{"level":"silly","message":"netPromise > npwd:fetchMessageGroups > RequestObj","module":"events","timestamp":"2026-02-19T23:29:58.354Z"}
{"level":"silly","message":{"data":null,"source":3},"module":"events","timestamp":"2026-02-19T23:29:58.354Z"}
{"level":"silly","message":"netPromise > npwd-contact-getAll > RequestObj","module":"events","timestamp":"2026-02-19T23:29:58.354Z"}
{"level":"silly","message":{"data":null,"source":3},"module":"events","timestamp":"2026-02-19T23:29:58.354Z"}
{"level":"info","message":"Executed query (SELECT npwd_messages_conversations.id,\n                          npwd_messages_conversations.conversation_list         as conversationList,\n                          npwd_messages_participants.unread_count               as unreadCount,\n                          npwd_messages_conversations.is_group_chat             as isGroupChat,\n                          npwd_messages_conversations.label,\n                          UNIX_TIMESTAMP(npwd_messages_conversations.updatedAt) as updatedAt,\n                          npwd_messages_participants.participant\n                   FROM npwd_messages_conversations\n                            INNER JOIN npwd_messages_participants\n                                       on npwd_messages_conversations.id = npwd_messages_participants.conversation_id\n                   WHERE npwd_messages_participants.participant = ? [\"5191234846\"]) in 1.6171ms'","module":"DBInterface","timestamp":"2026-02-19T23:29:58.355Z"}
{"level":"silly","message":"Response Promise Event npwd:fetchMessageGroups:54119577-8e51-4896-9243-43aef6e83bfd (1.9193ms), Data >>","module":"events","timestamp":"2026-02-19T23:29:58.355Z"}
{"level":"silly","message":{"data":[],"status":"ok"},"module":"events","timestamp":"2026-02-19T23:29:58.356Z"}
{"level":"info","message":"Executed query (\n        SELECT *,\n               UNIX_TIMESTAMP(updatedAt) AS lastActive\n        FROM npwd_match_profiles\n        WHERE identifier = ?\n        LIMIT 1\n\t\t [\"RIHV51PG\"]) in 2.4499ms'","module":"DBInterface","timestamp":"2026-02-19T23:29:58.356Z"}
{"level":"silly","message":"Response Promise Event phone:getMyProfile:048cd4ff-7338-41a3-863c-86a1529cb158 (2.8907ms), Data >>","module":"events","timestamp":"2026-02-19T23:29:58.356Z"}
{"level":"silly","message":{"data":{"bio":"","createdAt":"2026-02-19T17:35:38.000Z","id":1,"identifier":"RIHV51PG","image":"https://upload.wikimedia.org/wikipedia/commons/a/ac/No_image_available.svg","job":"","lastActive":1771522538,"lastActiveFormatted":"Thu, 19 Feb 2026 17:35:38 GMT","location":"","name":"Hank Jordan","tagList":[],"tags":"","updatedAt":"2026-02-19T17:35:38.000Z","viewed":false,"voiceMessage":null},"status":"ok"},"module":"events","timestamp":"2026-02-19T23:29:58.356Z"}
{"level":"silly","message":"Response Promise Event npwd-contact-getAll:b9aae0f3-c8ab-425b-88db-1a4acbc87f16 (2.776ms), Data >>","module":"events","timestamp":"2026-02-19T23:29:58.357Z"}
{"level":"silly","message":{"data":[],"status":"ok"},"module":"events","timestamp":"2026-02-19T23:29:58.357Z"}
{"level":"info","message":"Executed query (SELECT * FROM npwd_phone_contacts WHERE identifier = ? ORDER BY display ASC [\"RIHV51PG\"]) in 2.5638ms'","module":"DBInterface","timestamp":"2026-02-19T23:29:58.356Z"}
{"level":"info","message":"Executed query (SELECT id FROM npwd_marketplace_listings WHERE identifier = ? [\"RIHV51PG\"]) in 2.9313ms'","module":"DBInterface","timestamp":"2026-02-19T23:35:15.497Z"}
{"level":"info","message":"Executed query (DELETE FROM npwd_marketplace_listings WHERE identifier = ? AND reported = 0 [\"RIHV51PG\"]) in 0.3891ms'","module":"DBInterface","timestamp":"2026-02-19T23:35:15.498Z"}
{"level":"info","message":"Unloaded NPWD Player, source: (3)","module":"player","timestamp":"2026-02-19T23:35:15.498Z"}
{"level":"debug","message":"Marketplace service started","module":"marketplace","timestamp":"2026-02-20T16:13:01.533Z"}
{"level":"debug","message":"Call service started","module":"calls","timestamp":"2026-02-20T16:13:01.535Z"}
{"level":"debug","message":"Player Service started","module":"player","timestamp":"2026-02-20T16:13:01.535Z"}
{"level":"info","message":"Loading QBX bridge....","timestamp":"2026-02-20T16:13:01.535Z"}
{"level":"info","message":"QBX bridge initialized","timestamp":"2026-02-20T16:13:01.536Z"}
{"level":"debug","message":"Boot service started","module":"boot","timestamp":"2026-02-20T16:13:01.536Z"}
{"level":"debug","message":"Messages service started","module":"messages","timestamp":"2026-02-20T16:13:01.536Z"}
{"level":"debug","message":"Notes service started","module":"notes","timestamp":"2026-02-20T16:13:01.536Z"}
{"level":"debug","message":"Contacts service started","module":"contact","timestamp":"2026-02-20T16:13:01.537Z"}
{"level":"debug","message":"Photo service started","module":"photo","timestamp":"2026-02-20T16:13:01.549Z"}
{"level":"debug","message":"Twitter service started","module":"twitter","timestamp":"2026-02-20T16:13:01.549Z"}
{"level":"debug","message":"Match service started","module":"match","timestamp":"2026-02-20T16:13:01.550Z"}
{"level":"debug","message":"Beginning database schema validation","module":"boot","timestamp":"2026-02-20T16:13:03.702Z"}
{"level":"info","message":"Successfully started","timestamp":"2026-02-20T16:13:03.760Z"}
{"level":"info","message":"Executed query (SELECT COUNT(*) as count\n                       FROM information_schema.tables\n                       WHERE table_schema = ?\n                         AND table_name = ? [\"Qbox_9745ED\",\"players\"]) in 176.0524ms'","module":"DBInterface","timestamp":"2026-02-20T16:13:03.878Z"}
{"level":"info","message":"Executed query (SHOW COLUMNS IN players []) in 14.0084ms'","module":"DBInterface","timestamp":"2026-02-20T16:13:03.893Z"}
{"level":"debug","message":"Database schema successfully validated","module":"boot","timestamp":"2026-02-20T16:13:03.893Z"}
{"level":"debug","message":"Marketplace service started","module":"marketplace","timestamp":"2026-02-20T18:37:53.353Z"}
{"level":"debug","message":"Call service started","module":"calls","timestamp":"2026-02-20T18:37:53.354Z"}
{"level":"debug","message":"Player Service started","module":"player","timestamp":"2026-02-20T18:37:53.354Z"}
{"level":"info","message":"Loading QBX bridge....","timestamp":"2026-02-20T18:37:53.355Z"}
{"level":"info","message":"QBX bridge initialized","timestamp":"2026-02-20T18:37:53.355Z"}
{"level":"debug","message":"Boot service started","module":"boot","timestamp":"2026-02-20T18:37:53.355Z"}
{"level":"debug","message":"Messages service started","module":"messages","timestamp":"2026-02-20T18:37:53.355Z"}
{"level":"debug","message":"Notes service started","module":"notes","timestamp":"2026-02-20T18:37:53.355Z"}
{"level":"debug","message":"Contacts service started","module":"contact","timestamp":"2026-02-20T18:37:53.356Z"}
{"level":"debug","message":"Photo service started","module":"photo","timestamp":"2026-02-20T18:37:53.366Z"}
{"level":"debug","message":"Twitter service started","module":"twitter","timestamp":"2026-02-20T18:37:53.366Z"}
{"level":"debug","message":"Match service started","module":"match","timestamp":"2026-02-20T18:37:53.366Z"}
{"level":"debug","message":"Beginning database schema validation","module":"boot","timestamp":"2026-02-20T18:37:54.200Z"}
{"level":"info","message":"Successfully started","timestamp":"2026-02-20T18:37:54.208Z"}
{"level":"info","message":"Executed query (SELECT COUNT(*) as count\n                       FROM information_schema.tables\n                       WHERE table_schema = ?\n                         AND table_name = ? [\"Qbox_9745ED\",\"players\"]) in 61.227ms'","module":"DBInterface","timestamp":"2026-02-20T18:37:54.261Z"}
{"level":"info","message":"Executed query (SHOW COLUMNS IN players []) in 15.0801ms'","module":"DBInterface","timestamp":"2026-02-20T18:37:54.277Z"}
{"level":"debug","message":"Database schema successfully validated","module":"boot","timestamp":"2026-02-20T18:37:54.277Z"}
{"level":"debug","message":"Marketplace service started","module":"marketplace","timestamp":"2026-02-20T23:01:32.554Z"}
{"level":"debug","message":"Call service started","module":"calls","timestamp":"2026-02-20T23:01:32.555Z"}
{"level":"debug","message":"Player Service started","module":"player","timestamp":"2026-02-20T23:01:32.555Z"}
{"level":"info","message":"Loading QBX bridge....","timestamp":"2026-02-20T23:01:32.555Z"}
{"level":"info","message":"QBX bridge initialized","timestamp":"2026-02-20T23:01:32.555Z"}
{"level":"debug","message":"Boot service started","module":"boot","timestamp":"2026-02-20T23:01:32.556Z"}
{"level":"debug","message":"Messages service started","module":"messages","timestamp":"2026-02-20T23:01:32.556Z"}
{"level":"debug","message":"Notes service started","module":"notes","timestamp":"2026-02-20T23:01:32.556Z"}
{"level":"debug","message":"Contacts service started","module":"contact","timestamp":"2026-02-20T23:01:32.556Z"}
{"level":"debug","message":"Photo service started","module":"photo","timestamp":"2026-02-20T23:01:32.561Z"}
{"level":"debug","message":"Twitter service started","module":"twitter","timestamp":"2026-02-20T23:01:32.561Z"}
{"level":"debug","message":"Match service started","module":"match","timestamp":"2026-02-20T23:01:32.562Z"}
{"level":"debug","message":"Beginning database schema validation","module":"boot","timestamp":"2026-02-20T23:01:32.621Z"}
{"level":"info","message":"Successfully started","timestamp":"2026-02-20T23:01:32.625Z"}
{"level":"info","message":"Executed query (SELECT COUNT(*) as count\n                       FROM information_schema.tables\n                       WHERE table_schema = ?\n                         AND table_name = ? [\"Qbox_98A3FF\",\"players\"]) in 15.483086ms'","module":"DBInterface","timestamp":"2026-02-20T23:01:32.637Z"}
{"level":"info","message":"Executed query (SHOW COLUMNS IN players []) in 1.942361ms'","module":"DBInterface","timestamp":"2026-02-20T23:01:32.639Z"}
{"level":"debug","message":"Database schema successfully validated","module":"boot","timestamp":"2026-02-20T23:01:32.639Z"}
{"level":"debug","message":"Marketplace service started","module":"marketplace","timestamp":"2026-02-20T23:02:00.768Z"}
{"level":"debug","message":"Call service started","module":"calls","timestamp":"2026-02-20T23:02:00.770Z"}
{"level":"debug","message":"Player Service started","module":"player","timestamp":"2026-02-20T23:02:00.772Z"}
{"level":"info","message":"Loading QBX bridge....","timestamp":"2026-02-20T23:02:00.772Z"}
{"level":"info","message":"QBX bridge initialized","timestamp":"2026-02-20T23:02:00.772Z"}
{"level":"debug","message":"Boot service started","module":"boot","timestamp":"2026-02-20T23:02:00.773Z"}
{"level":"debug","message":"Messages service started","module":"messages","timestamp":"2026-02-20T23:02:00.774Z"}
{"level":"debug","message":"Notes service started","module":"notes","timestamp":"2026-02-20T23:02:00.774Z"}
{"level":"debug","message":"Contacts service started","module":"contact","timestamp":"2026-02-20T23:02:00.774Z"}
{"level":"debug","message":"Photo service started","module":"photo","timestamp":"2026-02-20T23:02:00.780Z"}
{"level":"debug","message":"Twitter service started","module":"twitter","timestamp":"2026-02-20T23:02:00.780Z"}
{"level":"debug","message":"Match service started","module":"match","timestamp":"2026-02-20T23:02:00.781Z"}
{"level":"debug","message":"Beginning database schema validation","module":"boot","timestamp":"2026-02-20T23:02:01.588Z"}
{"level":"info","message":"Successfully started","timestamp":"2026-02-20T23:02:01.593Z"}
{"level":"info","message":"Executed query (SELECT COUNT(*) as count\n                       FROM information_schema.tables\n                       WHERE table_schema = ?\n                         AND table_name = ? [\"Qbox_98A3FF\",\"players\"]) in 75.373261ms'","module":"DBInterface","timestamp":"2026-02-20T23:02:01.665Z"}
{"level":"info","message":"Executed query (SHOW COLUMNS IN players []) in 8.872889ms'","module":"DBInterface","timestamp":"2026-02-20T23:02:01.675Z"}
{"level":"debug","message":"Database schema successfully validated","module":"boot","timestamp":"2026-02-20T23:02:01.675Z"}
{"level":"debug","message":"Marketplace service started","module":"marketplace","timestamp":"2026-02-20T23:10:35.025Z"}
{"level":"debug","message":"Call service started","module":"calls","timestamp":"2026-02-20T23:10:35.026Z"}
{"level":"debug","message":"Player Service started","module":"player","timestamp":"2026-02-20T23:10:35.027Z"}
{"level":"info","message":"Loading QBX bridge....","timestamp":"2026-02-20T23:10:35.027Z"}
{"level":"info","message":"QBX bridge initialized","timestamp":"2026-02-20T23:10:35.027Z"}
{"level":"debug","message":"Boot service started","module":"boot","timestamp":"2026-02-20T23:10:35.028Z"}
{"level":"debug","message":"Messages service started","module":"messages","timestamp":"2026-02-20T23:10:35.028Z"}
{"level":"debug","message":"Notes service started","module":"notes","timestamp":"2026-02-20T23:10:35.028Z"}
{"level":"debug","message":"Contacts service started","module":"contact","timestamp":"2026-02-20T23:10:35.028Z"}
{"level":"debug","message":"Photo service started","module":"photo","timestamp":"2026-02-20T23:10:35.034Z"}
{"level":"debug","message":"Twitter service started","module":"twitter","timestamp":"2026-02-20T23:10:35.035Z"}
{"level":"debug","message":"Match service started","module":"match","timestamp":"2026-02-20T23:10:35.035Z"}
{"level":"debug","message":"Beginning database schema validation","module":"boot","timestamp":"2026-02-20T23:10:35.834Z"}
{"level":"info","message":"Successfully started","timestamp":"2026-02-20T23:10:35.839Z"}
{"level":"info","message":"Executed query (SELECT COUNT(*) as count\n                       FROM information_schema.tables\n                       WHERE table_schema = ?\n                         AND table_name = ? [\"Qbox_98A3FF\",\"players\"]) in 76.190426ms'","module":"DBInterface","timestamp":"2026-02-20T23:10:35.911Z"}
{"level":"info","message":"Executed query (SHOW COLUMNS IN players []) in 7.726851ms'","module":"DBInterface","timestamp":"2026-02-20T23:10:35.920Z"}
{"level":"debug","message":"Database schema successfully validated","module":"boot","timestamp":"2026-02-20T23:10:35.922Z"}
{"level":"debug","message":"Marketplace service started","module":"marketplace","timestamp":"2026-02-21T17:27:50.267Z"}
{"level":"debug","message":"Call service started","module":"calls","timestamp":"2026-02-21T17:27:50.268Z"}
{"level":"debug","message":"Player Service started","module":"player","timestamp":"2026-02-21T17:27:50.268Z"}
{"level":"info","message":"Loading QBX bridge....","timestamp":"2026-02-21T17:27:50.268Z"}
{"level":"info","message":"QBX bridge initialized","timestamp":"2026-02-21T17:27:50.268Z"}
{"level":"debug","message":"Boot service started","module":"boot","timestamp":"2026-02-21T17:27:50.269Z"}
{"level":"debug","message":"Messages service started","module":"messages","timestamp":"2026-02-21T17:27:50.269Z"}
{"level":"debug","message":"Notes service started","module":"notes","timestamp":"2026-02-21T17:27:50.269Z"}
{"level":"debug","message":"Contacts service started","module":"contact","timestamp":"2026-02-21T17:27:50.269Z"}
{"level":"debug","message":"Photo service started","module":"photo","timestamp":"2026-02-21T17:27:50.274Z"}
{"level":"debug","message":"Twitter service started","module":"twitter","timestamp":"2026-02-21T17:27:50.275Z"}
{"level":"debug","message":"Match service started","module":"match","timestamp":"2026-02-21T17:27:50.275Z"}
{"level":"debug","message":"Beginning database schema validation","module":"boot","timestamp":"2026-02-21T17:27:51.105Z"}
{"level":"info","message":"Successfully started","timestamp":"2026-02-21T17:27:51.110Z"}
{"level":"info","message":"Executed query (SELECT COUNT(*) as count\n                       FROM information_schema.tables\n                       WHERE table_schema = ?\n                         AND table_name = ? [\"Qbox_98A3FF\",\"players\"]) in 86.812108ms'","module":"DBInterface","timestamp":"2026-02-21T17:27:51.193Z"}
{"level":"info","message":"Executed query (SHOW COLUMNS IN players []) in 3.971295ms'","module":"DBInterface","timestamp":"2026-02-21T17:27:51.197Z"}
{"level":"debug","message":"Database schema successfully validated","module":"boot","timestamp":"2026-02-21T17:27:51.197Z"}
{"level":"debug","message":"Marketplace service started","module":"marketplace","timestamp":"2026-02-21T17:30:08.435Z"}
{"level":"debug","message":"Call service started","module":"calls","timestamp":"2026-02-21T17:30:08.436Z"}
{"level":"debug","message":"Player Service started","module":"player","timestamp":"2026-02-21T17:30:08.436Z"}
{"level":"info","message":"Loading QBX bridge....","timestamp":"2026-02-21T17:30:08.437Z"}
{"level":"info","message":"QBX bridge initialized","timestamp":"2026-02-21T17:30:08.437Z"}
{"level":"debug","message":"Boot service started","module":"boot","timestamp":"2026-02-21T17:30:08.437Z"}
{"level":"debug","message":"Messages service started","module":"messages","timestamp":"2026-02-21T17:30:08.437Z"}
{"level":"debug","message":"Notes service started","module":"notes","timestamp":"2026-02-21T17:30:08.438Z"}
{"level":"debug","message":"Contacts service started","module":"contact","timestamp":"2026-02-21T17:30:08.438Z"}
{"level":"debug","message":"Photo service started","module":"photo","timestamp":"2026-02-21T17:30:08.443Z"}
{"level":"debug","message":"Twitter service started","module":"twitter","timestamp":"2026-02-21T17:30:08.443Z"}
{"level":"debug","message":"Match service started","module":"match","timestamp":"2026-02-21T17:30:08.443Z"}
{"level":"debug","message":"Beginning database schema validation","module":"boot","timestamp":"2026-02-21T17:30:09.246Z"}
{"level":"info","message":"Successfully started","timestamp":"2026-02-21T17:30:09.250Z"}
{"level":"info","message":"Executed query (SELECT COUNT(*) as count\n                       FROM information_schema.tables\n                       WHERE table_schema = ?\n                         AND table_name = ? [\"Qbox_98A3FF\",\"players\"]) in 72.145219ms'","module":"DBInterface","timestamp":"2026-02-21T17:30:09.319Z"}
{"level":"info","message":"Executed query (SHOW COLUMNS IN players []) in 4.286527ms'","module":"DBInterface","timestamp":"2026-02-21T17:30:09.323Z"}
{"level":"debug","message":"Database schema successfully validated","module":"boot","timestamp":"2026-02-21T17:30:09.323Z"}
{"level":"debug","message":"Marketplace service started","module":"marketplace","timestamp":"2026-02-21T17:30:41.831Z"}
{"level":"debug","message":"Call service started","module":"calls","timestamp":"2026-02-21T17:30:41.833Z"}
{"level":"debug","message":"Player Service started","module":"player","timestamp":"2026-02-21T17:30:41.833Z"}
{"level":"info","message":"Loading QBX bridge....","timestamp":"2026-02-21T17:30:41.833Z"}
{"level":"info","message":"QBX bridge initialized","timestamp":"2026-02-21T17:30:41.834Z"}
{"level":"debug","message":"Boot service started","module":"boot","timestamp":"2026-02-21T17:30:41.834Z"}
{"level":"debug","message":"Messages service started","module":"messages","timestamp":"2026-02-21T17:30:41.834Z"}
{"level":"debug","message":"Notes service started","module":"notes","timestamp":"2026-02-21T17:30:41.835Z"}
{"level":"debug","message":"Contacts service started","module":"contact","timestamp":"2026-02-21T17:30:41.835Z"}
{"level":"debug","message":"Photo service started","module":"photo","timestamp":"2026-02-21T17:30:41.840Z"}
{"level":"debug","message":"Twitter service started","module":"twitter","timestamp":"2026-02-21T17:30:41.840Z"}
{"level":"debug","message":"Match service started","module":"match","timestamp":"2026-02-21T17:30:41.841Z"}
{"level":"debug","message":"Beginning database schema validation","module":"boot","timestamp":"2026-02-21T17:30:49.425Z"}
{"level":"info","message":"Successfully started","timestamp":"2026-02-21T17:30:49.430Z"}
{"level":"info","message":"Executed query (SELECT COUNT(*) as count\n                       FROM information_schema.tables\n                       WHERE table_schema = ?\n                         AND table_name = ? [\"Qbox_98A3FF\",\"players\"]) in 238.001274ms'","module":"DBInterface","timestamp":"2026-02-21T17:30:49.664Z"}
{"level":"info","message":"Executed query (SHOW COLUMNS IN players []) in 6.677957ms'","module":"DBInterface","timestamp":"2026-02-21T17:30:49.672Z"}
{"level":"debug","message":"Database schema successfully validated","module":"boot","timestamp":"2026-02-21T17:30:49.674Z"}
{"level":"info","message":"New NPWD Player added through event (1) (S8IBE5H2)","module":"player","timestamp":"2026-02-21T17:32:17.660Z"}
{"level":"debug","message":{"_firstname":"Admin","_identifier":"S8IBE5H2","_lastname":"Server","_phoneNumber":"3849064172","source":1,"username":"EL Magnifico"},"module":"player","timestamp":"2026-02-21T17:32:17.660Z"}
{"level":"info","message":"New NPWD Player added through event (1) (S8IBE5H2)","module":"player","timestamp":"2026-02-21T17:32:17.665Z"}
{"level":"debug","message":{"_firstname":"Admin","_identifier":"S8IBE5H2","_lastname":"Server","_phoneNumber":"3849064172","source":1,"username":"EL Magnifico"},"module":"player","timestamp":"2026-02-21T17:32:17.665Z"}
{"level":"silly","message":"netPromise > npwd:fetchTweets > RequestObj","module":"events","timestamp":"2026-02-21T17:32:17.759Z"}
{"level":"silly","message":{"data":{"pageId":0},"source":1},"module":"events","timestamp":"2026-02-21T17:32:17.759Z"}
{"level":"info","message":"Executed query (\n        SELECT *\n        FROM npwd_twitter_profiles\n        WHERE identifier = ?\n        LIMIT 1\n\t\t [\"S8IBE5H2\"]) in 3.985146ms'","module":"DBInterface","timestamp":"2026-02-21T17:32:17.763Z"}
{"level":"info","message":"Executed query (\n        SELECT \n  npwd_twitter_tweets.id,\n  npwd_twitter_tweets.identifier,\n  npwd_twitter_profiles.id AS profile_id,\n  npwd_twitter_profiles.profile_name,\n  npwd_twitter_profiles.avatar_url,\n  npwd_twitter_tweets.likes,\n  npwd_twitter_tweets.visible,\n  IFNULL(COALESCE(retweets.message, npwd_twitter_tweets.message), '') AS message,\n  IFNULL(COALESCE(retweets.images, npwd_twitter_tweets.images), '') AS images,\n  npwd_twitter_tweets.retweet IS NOT NULL AS isRetweet,\n  retweets.id AS retweetId,\n  retweets_profiles.profile_name AS retweetProfileName,\n  retweets_profiles.avatar_url AS retweetAvatarUrl,\n  npwd_twitter_likes.id IS NOT NULL AS isLiked,\n  npwd_twitter_reports.id IS NOT NULL AS isReported,\n  npwd_twitter_tweets.createdAt,\n  npwd_twitter_tweets.updatedAt,\n  TIME_TO_SEC(TIMEDIFF( NOW(), npwd_twitter_tweets.createdAt)) AS seconds_since_tweet\n\n        FROM npwd_twitter_tweets\n                 LEFT OUTER JOIN npwd_twitter_profiles\n                                 ON npwd_twitter_tweets.identifier = npwd_twitter_profiles.identifier\n                 LEFT OUTER JOIN npwd_twitter_likes ON npwd_twitter_tweets.id = npwd_twitter_likes.tweet_id AND\n                                                       npwd_twitter_likes.profile_id = ?\n                 LEFT OUTER JOIN npwd_twitter_reports ON npwd_twitter_tweets.id = npwd_twitter_reports.tweet_id AND\n                                                         npwd_twitter_reports.profile_id = ?\n                 LEFT OUTER JOIN npwd_twitter_tweets AS retweets ON retweets.id = npwd_twitter_tweets.retweet\n                 LEFT OUTER JOIN npwd_twitter_profiles AS retweets_profiles\n                                 ON retweets.identifier = retweets_profiles.identifier\n        WHERE npwd_twitter_tweets.visible = 1\n        ORDER BY id DESC\n        LIMIT ? OFFSET ?\n\t\t [1,1,\"25\",\"0\"]) in 2.44233ms'","module":"DBInterface","timestamp":"2026-02-21T17:32:17.766Z"}
{"level":"silly","message":"Response Promise Event npwd:fetchTweets:65a6955c-21b0-4f70-8ec3-ea75a1018d24 (7.28425ms), Data >>","module":"events","timestamp":"2026-02-21T17:32:17.766Z"}
{"level":"silly","message":{"data":[],"status":"ok"},"module":"events","timestamp":"2026-02-21T17:32:17.766Z"}
{"level":"silly","message":"netPromise > npwd:getOrCreateTwitterProfile > RequestObj","module":"events","timestamp":"2026-02-21T17:32:21.330Z"}
{"level":"silly","message":{"data":null,"source":1},"module":"events","timestamp":"2026-02-21T17:32:21.330Z"}
{"level":"silly","message":"netPromise > phone:getMyProfile > RequestObj","module":"events","timestamp":"2026-02-21T17:32:21.330Z"}
{"level":"silly","message":{"data":null,"source":1},"module":"events","timestamp":"2026-02-21T17:32:21.330Z"}
{"level":"silly","message":"netPromise > npwd:fetchMessageGroups > RequestObj","module":"events","timestamp":"2026-02-21T17:32:21.331Z"}
{"level":"silly","message":{"data":null,"source":1},"module":"events","timestamp":"2026-02-21T17:32:21.331Z"}
{"level":"silly","message":"netPromise > npwd-contact-getAll > RequestObj","module":"events","timestamp":"2026-02-21T17:32:21.333Z"}
{"level":"silly","message":{"data":null,"source":1},"module":"events","timestamp":"2026-02-21T17:32:21.333Z"}
{"level":"info","message":"Executed query (\n        SELECT *\n        FROM npwd_twitter_profiles\n        WHERE identifier = ?\n        LIMIT 1\n\t\t [\"S8IBE5H2\"]) in 5.341631ms'","module":"DBInterface","timestamp":"2026-02-21T17:32:21.335Z"}
{"level":"silly","message":"Response Promise Event npwd:getOrCreateTwitterProfile:eee678a0-89ca-4722-b080-933784a86bd6 (6.170004ms), Data >>","module":"events","timestamp":"2026-02-21T17:32:21.336Z"}
{"level":"silly","message":{"data":{"avatar_url":"https://i.fivemanage.com/images/3ClWwmpwkFhL.png","createdAt":"2026-02-20T20:29:10.000Z","id":1,"identifier":"S8IBE5H2","profile_name":"Admin_Server","updatedAt":"2026-02-20T20:29:10.000Z"},"status":"ok"},"module":"events","timestamp":"2026-02-21T17:32:21.336Z"}
{"level":"info","message":"Executed query (\n        SELECT *,\n               UNIX_TIMESTAMP(updatedAt) AS lastActive\n        FROM npwd_match_profiles\n        WHERE identifier = ?\n        LIMIT 1\n\t\t [\"S8IBE5H2\"]) in 10.232271ms'","module":"DBInterface","timestamp":"2026-02-21T17:32:21.341Z"}
{"level":"silly","message":"Response Promise Event phone:getMyProfile:ab2ab4c3-1c3a-439d-a673-b7f42f18d09f (10.912654ms), Data >>","module":"events","timestamp":"2026-02-21T17:32:21.341Z"}
{"level":"info","message":"Executed query (SELECT npwd_messages_conversations.id,\n                          npwd_messages_conversations.conversation_list         as conversationList,\n                          npwd_messages_participants.unread_count               as unreadCount,\n                          npwd_messages_conversations.is_group_chat             as isGroupChat,\n                          npwd_messages_conversations.label,\n                          UNIX_TIMESTAMP(npwd_messages_conversations.updatedAt) as updatedAt,\n                          npwd_messages_participants.participant\n                   FROM npwd_messages_conversations\n                            INNER JOIN npwd_messages_participants\n                                       on npwd_messages_conversations.id = npwd_messages_participants.conversation_id\n                   WHERE npwd_messages_participants.participant = ? [\"3849064172\"]) in 10.197341ms'","module":"DBInterface","timestamp":"2026-02-21T17:32:21.342Z"}
{"level":"info","message":"Executed query (SELECT * FROM npwd_phone_contacts WHERE identifier = ? ORDER BY display ASC [\"S8IBE5H2\"]) in 9.057037ms'","module":"DBInterface","timestamp":"2026-02-21T17:32:21.342Z"}
{"level":"silly","message":{"data":{"bio":"","createdAt":"2026-02-20T20:29:10.000Z","id":1,"identifier":"S8IBE5H2","image":"https://upload.wikimedia.org/wikipedia/commons/a/ac/No_image_available.svg","job":"","lastActive":1771619350,"lastActiveFormatted":"Fri, 20 Feb 2026 20:29:10 GMT","location":"","name":"Admin Server","tagList":[],"tags":"","updatedAt":"2026-02-20T20:29:10.000Z","viewed":false,"voiceMessage":null},"status":"ok"},"module":"events","timestamp":"2026-02-21T17:32:21.341Z"}
{"level":"silly","message":"Response Promise Event npwd:fetchMessageGroups:a2d46dd5-a62e-4cc6-8f2d-2ce872063ed9 (10.691273ms), Data >>","module":"events","timestamp":"2026-02-21T17:32:21.342Z"}
{"level":"silly","message":{"data":[],"status":"ok"},"module":"events","timestamp":"2026-02-21T17:32:21.342Z"}
{"level":"silly","message":"Response Promise Event npwd-contact-getAll:5e09851a-4d50-4618-bbd9-4dfbadf480f8 (9.309777ms), Data >>","module":"events","timestamp":"2026-02-21T17:32:21.342Z"}
{"level":"silly","message":{"data":[],"status":"ok"},"module":"events","timestamp":"2026-02-21T17:32:21.342Z"}
{"level":"info","message":"Executed query (SELECT id FROM npwd_marketplace_listings WHERE identifier = ? [\"S8IBE5H2\"]) in 10.200501ms'","module":"DBInterface","timestamp":"2026-02-21T17:34:34.487Z"}
{"level":"info","message":"Executed query (DELETE FROM npwd_marketplace_listings WHERE identifier = ? AND reported = 0 [\"S8IBE5H2\"]) in 2.36372ms'","module":"DBInterface","timestamp":"2026-02-21T17:34:34.490Z"}
{"level":"info","message":"Unloaded NPWD Player, source: (1)","module":"player","timestamp":"2026-02-21T17:34:34.490Z"}
